,IMDBid,movieId,movieTitle,releaseDate,Action,Adventure,Animation,Childrens,Comedy,Crime,Documentary,Drama,Fantasy,FilmNoir,Horror,Musical,Mystery,Romance,SciFi,Thriller,War,Western
0,tt0099620,958,To Live (Huozhe) (1994),01-Jan-94,0,0,0,0,0,0,0,1,0,0,0,0,0,0,0,0,0,0
1,tt0101540,218,Cape Fear (1991),01-Jan-91,0,0,0,0,0,0,0,0,0,0,0,0,0,0,0,1,0,0
2,tt0101700,171,Delicatessen (1991),01-Jan-91,0,0,0,0,1,0,0,0,0,0,0,0,0,0,1,0,0,0
3,tt0102926,98,"Silence of the Lambs, The (1991)",01-Jan-91,0,0,0,0,0,0,0,1,0,0,0,0,0,0,0,1,0,0
4,tt0102975,227,Star Trek VI: The Undiscovered Country (1991),01-Jan-91,1,1,0,0,0,0,0,0,0,0,0,0,0,0,1,0,0,0
5,tt0103064,96,Terminator 2: Judgment Day (1991),01-Jan-91,1,0,0,0,0,0,0,0,0,0,0,0,0,0,1,1,0,0
6,tt0103639,95,Aladdin (1992),01-Jan-92,0,0,1,1,1,0,0,0,0,0,0,1,0,0,0,0,0,0
7,tt0103772,159,Basic Instinct (1992),01-Jan-92,0,0,0,0,0,0,0,0,0,0,0,0,1,0,0,1,0,0
8,tt0103776,231,Batman Returns (1992),01-Jan-92,1,1,0,0,1,1,0,0,0,0,0,0,0,0,0,0,0,0
9,tt0103850,425,Bob Roberts (1992),01-Jan-92,0,0,0,0,1,0,0,0,0,0,0,0,0,0,0,0,0,0
10,tt0103859,765,Boomerang (1992),01-Jan-92,0,0,0,0,1,0,0,0,0,0,0,0,0,1,0,0,0,0
11,tt0103874,217,Bram Stoker's Dracula (1992),01-Jan-92,0,0,0,0,0,0,0,0,0,0,1,0,0,1,0,0,0,0
12,tt0103919,672,Candyman (1992),01-Jan-92,0,0,0,0,0,0,0,0,0,0,1,0,0,0,0,0,0,0
13,tt0103926,1567,Careful (1992),01-Jan-92,0,0,0,0,1,0,0,0,0,0,0,0,0,0,0,0,0,0
14,tt0103994,462,Like Water For Chocolate (Como agua para chocolate) (1992),01-Jan-92,0,0,0,0,0,0,0,1,0,0,0,0,0,1,0,0,0,0
15,tt0104029,1056,Cronos (1992),01-Jan-92,0,0,0,0,0,0,0,0,0,0,1,0,0,0,0,0,0,0
16,tt0104046,1565,Daens (1992),01-Jan-92,0,0,0,0,0,0,0,1,0,0,0,0,0,0,0,0,0,0
17,tt0104348,160,Glengarry Glen Ross (1992),01-Jan-92,0,0,0,0,0,0,0,1,0,0,0,0,0,0,0,0,0,0
18,tt0104403,1341,Hedd Wyn (1992),01-Jan-92,0,0,0,0,0,0,0,1,0,0,0,0,0,0,0,0,0,0
19,tt0104558,128,Supercop (1992),26-Jul-96,1,0,0,0,0,0,0,0,0,0,0,0,0,0,0,1,0,0
20,tt0104691,241,"Last of the Mohicans, The (1992)",01-Jan-92,1,0,0,0,0,0,0,0,0,0,0,0,0,1,0,0,1,0
21,tt0104692,145,"Lawnmower Man, The (1992)",01-Jan-92,1,0,0,0,0,0,0,0,0,0,0,0,0,0,1,1,0,0
22,tt0104779,1268,Bitter Moon (1992),01-Jan-92,0,0,0,0,0,0,0,1,0,0,0,0,0,0,0,0,0,0
23,tt0105032,1196,"Savage Nights (Nuits fauves, Les) (1992)",01-Jan-92,0,0,0,0,0,0,0,1,0,0,0,0,0,0,0,0,0,0
24,tt0105107,972,Passion Fish (1992),01-Jan-92,0,0,0,0,0,0,0,1,0,0,0,0,0,0,0,0,0,0
25,tt0105201,1570,Quartier Mozart (1992),01-Jan-92,0,0,0,0,1,0,0,0,0,0,0,0,0,0,0,0,0,0
26,tt0105226,466,Red Rock West (1992),01-Jan-92,0,0,0,0,0,0,0,0,0,0,0,0,0,0,0,1,0,0
27,tt0105236,156,Reservoir Dogs (1992),01-Jan-92,0,0,0,0,0,1,0,0,0,0,0,0,0,0,0,1,0,0
28,tt0105275,1597,Romper Stomper (1992),01-Jan-92,1,0,0,0,0,0,0,1,0,0,0,0,0,0,0,0,0,0
29,tt0105435,239,Sneakers (1992),01-Jan-92,0,0,0,0,0,1,0,1,0,0,0,0,0,0,1,0,0,0
30,tt0105488,709,Strictly Ballroom (1992),01-Jan-92,0,0,0,0,1,0,0,0,0,0,0,0,0,1,0,0,0,0
31,tt0105690,233,Under Siege (1992),01-Jan-92,1,0,0,0,0,0,0,0,0,0,0,0,0,0,0,0,0,0
32,tt0105695,203,Unforgiven (1992),01-Jan-92,0,0,0,0,0,0,0,0,0,0,0,0,0,0,0,0,0,1
33,tt0105729,1354,Venice/Venice (1992),01-Jan-92,0,0,0,0,0,0,0,1,0,0,0,0,0,0,0,0,0,0
34,tt0105737,1568,Vermont Is For Lovers (1992),01-Jan-92,0,0,0,0,1,0,0,0,0,0,0,0,0,1,0,0,0,0
35,tt0106220,386,Addams Family Values (1993),01-Jan-93,0,0,0,0,1,0,0,0,0,0,0,0,0,0,0,0,0,0
36,tt0106226,387,"Age of Innocence, The (1993)",01-Jan-93,0,0,0,0,0,0,0,1,0,0,0,0,0,0,0,0,0,0
37,tt0106266,1206,Amos & Andrew (1993),01-Jan-93,0,0,0,0,1,0,0,0,0,0,0,0,0,0,0,0,0,0
38,tt0106292,571,Another Stakeout (1993),01-Jan-93,0,0,0,0,1,0,0,0,0,0,0,0,0,0,0,1,0,0
39,tt0106308,184,Army of Darkness (1993),01-Jan-93,1,1,0,0,1,0,0,0,0,0,1,0,0,0,1,0,0,0
40,tt0106339,1153,Backbeat (1993),01-Jan-93,0,0,0,0,0,0,0,1,0,0,0,1,0,0,0,0,0,0
41,tt0106387,747,Benny & Joon (1993),01-Jan-93,0,0,0,0,1,0,0,0,0,0,0,0,0,1,0,0,0,0
42,tt0106400,1030,"Beverly Hillbillies, The (1993)",01-Jan-93,0,0,0,0,1,0,0,0,0,0,0,0,0,0,0,0,0,0
43,tt0106402,784,Beyond Bedlam (1993),01-Jan-93,0,0,0,0,0,0,0,1,0,0,1,0,0,0,0,0,0,0
44,tt0106452,573,Body Snatchers (1993),01-Jan-93,0,0,0,0,0,0,0,0,0,0,1,0,0,0,1,1,0,0
45,tt0106471,574,Boxing Helena (1993),01-Jan-93,0,0,0,0,0,0,0,0,0,0,0,0,1,1,0,1,0,0
46,tt0106489,467,"Bronx Tale, A (1993)",01-Jan-93,0,0,0,0,0,0,0,1,0,0,0,0,0,0,0,0,0,0
47,tt0106505,1146,Calendar Girl (1993),01-Jan-93,0,0,0,0,0,0,0,1,0,0,0,0,0,0,0,0,0,0
48,tt0106519,76,Carlito's Way (1993),01-Jan-93,0,0,0,0,0,1,0,1,0,0,0,0,0,0,0,0,0,0
49,tt0106582,576,Cliffhanger (1993),01-Jan-93,1,1,0,0,0,1,0,0,0,0,0,0,0,0,0,0,0,0
50,tt0106598,577,Coneheads (1993),01-Jan-93,0,0,0,0,1,0,0,0,0,0,0,0,0,0,1,0,0,0
51,tt0106611,1035,Cool Runnings (1993),01-Jan-93,0,0,0,0,1,0,0,0,0,0,0,0,0,0,0,0,0,0
52,tt0106673,732,Dave (1993),01-Jan-93,0,0,0,0,1,0,0,0,0,0,0,0,0,1,0,0,0,0
53,tt0106677,959,Dazed and Confused (1993),01-Jan-93,0,0,0,0,1,0,0,0,0,0,0,0,0,0,0,0,0,0
54,tt0106697,578,Demolition Man (1993),01-Jan-93,1,0,0,0,0,0,0,0,0,0,0,0,0,0,1,0,0,0
55,tt0106873,579,Fatal Instinct (1993),01-Jan-93,0,0,0,0,1,0,0,0,0,0,0,0,0,0,0,0,0,0
56,tt0106880,390,Fear of a Black Hat (1993),01-Jan-93,0,0,0,0,1,0,0,0,0,0,0,0,0,0,0,0,0,0
57,tt0106881,1045,Fearless (1993),01-Jan-93,0,0,0,0,0,0,0,1,0,0,0,0,0,0,0,0,0,0
58,tt0106918,77,"Firm, The (1993)",01-Jan-93,0,0,0,0,0,0,0,1,0,0,0,0,0,0,0,1,0,0
59,tt0106926,1212,Flesh and Bone (1993),01-Jan-93,0,0,0,0,0,0,0,1,0,0,0,0,1,1,0,0,0,0
60,tt0106941,1249,For Love or Money (1993),01-Jan-93,0,0,0,0,1,0,0,0,0,0,0,0,0,0,0,0,0,0
61,tt0106965,78,Free Willy (1993),01-Jan-93,0,1,0,1,0,0,0,1,0,0,0,0,0,0,0,0,0,0
62,tt0106966,1195,Strawberry and Chocolate (Fresa y chocolate) (1993),01-Jan-93,0,0,0,0,0,0,0,1,0,0,0,0,0,0,0,0,0,0
63,tt0106977,79,"Fugitive, The (1993)",01-Jan-93,1,0,0,0,0,0,0,0,0,0,0,0,0,0,0,1,0,0
64,tt0107004,1004,Geronimo: An American Legend (1993),01-Jan-93,0,0,0,0,0,0,0,1,0,0,0,0,0,0,0,0,0,1
65,tt0107048,202,Groundhog Day (1993),01-Jan-93,0,0,0,0,1,0,0,0,0,0,0,0,0,1,0,0,0,0
66,tt0107057,1213,Guilty as Sin (1993),01-Jan-93,0,0,0,0,0,1,0,1,0,0,0,0,0,0,0,1,0,0
67,tt0107076,802,Hard Target (1993),01-Jan-93,1,1,0,0,0,1,0,0,0,0,0,0,0,0,0,1,0,0
68,tt0107096,803,Heaven & Earth (1993),01-Jan-93,1,0,0,0,0,0,0,1,0,0,0,0,0,0,0,0,1,0
69,tt0107131,140,Homeward Bound: The Incredible Journey (1993),01-Jan-93,0,1,0,1,0,0,0,0,0,0,0,0,0,0,0,0,0,0
70,tt0107144,80,Hot Shots! Part Deux (1993),01-Jan-93,1,0,0,0,1,0,0,0,0,0,0,0,0,0,0,0,1,0
71,tt0107151,704,"House of the Spirits, The (1993)",01-Jan-93,0,0,0,0,0,0,0,1,0,0,0,0,0,1,0,0,0,0
72,tt0107206,684,In the Line of Fire (1993),01-Jan-93,1,0,0,0,0,0,0,0,0,0,0,0,0,0,0,1,0,0
73,tt0107207,317,In the Name of the Father (1993),01-Jan-93,0,0,0,0,0,0,0,1,0,0,0,0,0,0,0,0,0,0
74,tt0107274,1365,Johnny 100 Pesos (1993),01-Jan-93,1,0,0,0,0,0,0,1,0,0,0,0,0,0,0,0,0,0
75,tt0107286,1222,Judgment Night (1993),01-Jan-93,1,0,0,0,0,0,0,0,0,0,0,0,0,0,0,0,0,0
76,tt0107290,82,Jurassic Park (1993),01-Jan-93,1,1,0,0,0,0,0,0,0,0,0,0,0,0,1,0,0,0
77,tt0107302,581,Kalifornia (1993),01-Jan-93,0,0,0,0,0,0,0,1,0,0,0,0,0,0,0,1,0,0
78,tt0107315,1672,Kika (1993),01-Jan-93,0,0,0,0,0,0,0,1,0,0,0,0,0,0,0,0,0,0
79,tt0107322,1223,King of the Hill (1993),01-Jan-93,0,0,0,0,0,0,0,1,0,0,0,0,0,0,0,0,0,0
80,tt0107349,1631,"Slingshot, The (1993)",01-Jan-93,0,0,0,0,1,0,0,1,0,0,0,0,0,0,0,0,0,0
81,tt0107362,391,Last Action Hero (1993),01-Jan-93,1,0,0,0,1,0,0,0,0,0,0,0,0,0,0,0,0,0
82,tt0107413,1270,Life with Mikey (1993),01-Jan-93,0,0,0,0,1,0,0,0,0,0,0,0,0,0,0,0,0,0
83,tt0107426,1168,Little Buddha (1993),01-Jan-93,0,0,0,0,0,0,0,1,0,0,0,0,0,0,0,0,0,0
84,tt0107472,701,"Wonderful, Horrible Life of Leni Riefenstahl, The (1993)",01-Jan-93,0,0,0,0,0,0,1,0,0,0,0,0,0,0,0,0,0,0
85,tt0107478,734,Made in America (1993),01-Jan-93,0,0,0,0,1,0,0,0,0,0,0,0,0,0,0,0,0,0
86,tt0107497,1046,Malice (1993),01-Jan-93,0,0,0,0,0,0,0,0,0,0,0,0,0,0,0,1,0,0
87,tt0107501,392,"Man Without a Face, The (1993)",01-Jan-93,0,0,0,0,0,0,0,1,0,0,0,0,0,0,0,0,0,0
88,tt0107507,805,Manhattan Murder Mystery (1993),01-Jan-93,0,0,0,0,1,0,0,0,0,0,0,0,1,0,0,0,0,0
89,tt0107554,806,Menace II Society (1993),01-Jan-93,1,0,0,0,0,1,0,1,0,0,0,0,0,0,0,0,0,0
90,tt0107614,393,Mrs. Doubtfire (1993),01-Jan-93,0,0,0,0,1,0,0,0,0,0,0,0,0,0,0,0,0,0
91,tt0107616,83,Much Ado About Nothing (1993),01-Jan-93,0,0,0,0,1,0,0,0,0,0,0,0,0,1,0,0,0,0
92,tt0107653,960,Naked (1993),01-Jan-93,0,0,0,0,0,0,0,1,0,0,0,0,0,0,0,0,0,0
93,tt0107688,91,"Nightmare Before Christmas, The (1993)",01-Jan-93,0,0,0,1,1,0,0,0,0,0,0,1,0,0,0,0,0,0
94,tt0107727,1562,"Eye of Vichy, The (Oeil de Vichy, L') (1993)",01-Jan-93,0,0,0,0,0,0,1,0,0,0,0,0,0,0,0,0,0,0
95,tt0107756,961,Orlando (1993),01-Jan-93,0,0,0,0,0,0,0,1,0,0,0,0,0,0,0,0,0,0
96,tt0107779,1622,"Paris, France (1993)",01-Jan-93,0,0,0,0,1,0,0,0,0,0,0,0,0,0,0,0,0,0
97,tt0107808,686,"Perfect World, A (1993)",01-Jan-93,1,0,0,0,0,0,0,1,0,0,0,0,0,0,0,0,0,0
98,tt0107818,735,Philadelphia (1993),01-Jan-93,0,0,0,0,0,0,0,1,0,0,0,0,0,0,0,0,0,0
99,tt0107822,582,"Piano, The (1993)",01-Jan-93,0,0,0,0,0,0,0,1,0,0,0,0,0,1,0,0,0,0
100,tt0107840,807,Poetic Justice (1993),01-Jan-93,0,0,0,0,0,0,0,1,0,0,0,0,0,0,0,0,0,0
101,tt0107889,808,"Program, The (1993)",01-Jan-93,1,0,0,0,0,0,0,1,0,0,0,0,0,0,0,0,0,0
102,tt0107943,86,"Remains of the Day, The (1993)",01-Jan-93,0,0,0,0,0,0,0,1,0,0,0,0,0,0,0,0,0,0
103,tt0107969,809,Rising Sun (1993),01-Jan-93,1,0,0,0,0,0,0,1,0,0,0,0,1,0,0,0,0,0
104,tt0107977,395,Robin Hood: Men in Tights (1993),01-Jan-93,0,0,0,0,1,0,0,0,0,0,0,0,0,0,0,0,0,0
105,tt0107978,1274,Robocop 3 (1993),01-Jan-93,0,0,0,0,0,0,0,0,0,0,0,0,0,0,1,1,0,0
106,tt0107983,583,Romeo Is Bleeding (1993),01-Jan-93,0,0,0,0,0,1,0,0,0,0,0,0,0,0,0,1,0,0
107,tt0108000,962,Ruby in Paradise (1993),01-Jan-93,0,0,0,0,0,0,0,1,0,0,0,0,0,0,0,0,0,0
108,tt0108002,468,Rudy (1993),01-Jan-93,0,0,0,0,0,0,0,1,0,0,0,0,0,0,0,0,0,0
109,tt0108052,318,Schindler's List (1993),01-Jan-93,0,0,0,0,0,0,0,1,0,0,0,0,0,0,0,0,1,0
110,tt0108065,87,Searching for Bobby Fischer (1993),01-Jan-93,0,0,0,0,0,0,0,1,0,0,0,0,0,0,0,0,0,0
111,tt0108069,1555,"Secret Adventures of Tom Thumb, The (1993)",01-Jan-93,0,1,0,1,0,0,0,0,0,0,0,0,0,0,0,0,0,0
112,tt0108071,584,"Secret Garden, The (1993)",01-Jan-93,0,0,0,1,0,0,0,1,0,0,0,0,0,0,0,0,0,0
113,tt0108101,736,Shadowlands (1993),01-Jan-93,0,0,0,0,0,0,0,1,0,0,0,0,0,1,0,0,0,0
114,tt0108122,469,Short Cuts (1993),01-Jan-93,0,0,0,0,0,0,0,1,0,0,0,0,0,0,0,0,0,0
115,tt0108149,1101,Six Degrees of Separation (1993),01-Jan-93,0,0,0,0,0,0,0,1,0,0,0,0,1,0,0,0,0,0
116,tt0108160,88,Sleepless in Seattle (1993),01-Jan-93,0,0,0,0,1,0,0,0,0,0,0,0,0,1,0,0,0,0
117,tt0108174,90,So I Married an Axe Murderer (1993),01-Jan-93,0,0,0,0,1,0,0,0,0,0,0,0,0,1,0,1,0,0
118,tt0108186,585,Son in Law (1993),01-Jan-93,0,0,0,0,1,0,0,0,0,0,0,0,0,0,0,0,0,0
119,tt0108211,593,Stalingrad (1993),01-Jan-93,0,0,0,0,0,0,0,0,0,0,0,0,0,0,0,0,1,0
120,tt0108220,1339,Stefano Quantestorie (1993),01-Jan-93,0,0,0,0,1,0,0,1,0,0,0,0,0,0,0,0,0,0
121,tt0108238,397,Striking Distance (1993),01-Jan-93,1,0,0,0,0,0,0,0,0,0,0,0,0,0,0,0,0,0
122,tt0108255,398,Super Mario Bros. (1993),01-Jan-93,1,1,0,1,0,0,0,0,0,0,0,0,0,0,1,0,0,0
123,tt0108328,811,Thirty-Two Short Films About Glenn Gould (1993),01-Jan-93,0,0,0,0,0,0,1,0,0,0,0,0,0,0,0,0,0,0
124,tt0108333,399,"Three Musketeers, The (1993)",01-Jan-93,1,1,0,0,1,0,0,0,0,0,0,0,0,0,0,0,0,0
125,tt0108358,470,Tombstone (1993),01-Jan-93,0,0,0,0,0,0,0,0,0,0,0,0,0,0,0,0,0,1
126,tt0108394,60,Three Colors: Blue (1993),01-Jan-93,0,0,0,0,0,0,0,1,0,0,0,0,0,0,0,0,0,0
127,tt0108399,92,True Romance (1993),01-Jan-93,1,0,0,0,0,1,0,0,0,0,0,0,0,1,0,0,0,0
128,tt0108515,1141,"War Room, The (1993)",01-Jan-93,0,0,0,0,0,0,1,0,0,0,0,0,0,0,0,0,0,0
129,tt0108550,65,What's Eating Gilbert Grape (1993),01-Jan-93,0,0,0,0,1,0,0,1,0,0,0,0,0,0,0,0,0,0
130,tt0108551,942,What's Love Got to Do with It (1993),01-Jan-93,0,0,0,0,0,0,0,1,0,0,0,0,0,0,0,0,0,0
131,tt0109001,1353,1-900 (1994),01-Jan-94,0,0,0,0,0,0,0,0,0,0,0,0,0,1,0,0,0,0
132,tt0109028,1633,Á köldum klaka (Cold Fever) (1994) ? 95,08-Mar-96,0,0,0,0,1,0,0,1,0,0,0,0,0,0,0,0,0,0
133,tt0109040,67,Ace Ventura: Pet Detective (1994),01-Jan-94,0,0,0,0,1,0,0,0,0,0,0,0,0,0,0,0,0,0
134,tt0109045,382,"Adventures of Priscilla, Queen of the Desert, The (1994)",01-Jan-94,0,0,0,0,1,0,0,1,0,0,0,0,0,0,0,0,0,0
135,tt0109067,801,"Air Up There, The (1994)",01-Jan-94,0,0,0,0,1,0,0,0,0,0,0,0,0,0,0,0,0,0
136,tt0109068,940,Airheads (1994),01-Jan-94,0,0,0,0,1,0,0,0,0,0,0,0,0,0,0,0,0,0
137,tt0109093,1069,Amateur (1994),01-Jan-94,0,0,0,0,0,1,0,1,0,0,0,0,0,0,0,1,0,0
138,tt0109120,812,Andre (1994),01-Jan-94,0,1,0,1,0,0,0,0,0,0,0,0,0,0,0,0,0,0
139,tt0109191,1308,Babyfever (1994),01-Jan-94,0,0,0,0,1,0,0,1,0,0,0,0,0,0,0,0,0,0
140,tt0109198,1247,Bad Girls (1994),01-Jan-94,0,0,0,0,0,0,0,0,0,0,0,0,0,0,0,0,0,1
141,tt0109219,702,Barcelona (1994),01-Jan-94,0,0,0,0,1,0,0,0,0,0,0,0,0,1,0,0,0,0
142,tt0109254,388,Beverly Hills Cop III (1994),01-Jan-94,1,0,0,0,1,0,0,0,0,0,0,0,0,0,0,0,0,0
143,tt0109255,1202,"Maybe, Maybe Not (Bewegte Mann, Der) (1994)",19-Jul-96,0,0,0,0,1,0,0,0,0,0,0,0,0,0,0,0,0,0
144,tt0109279,389,Black Beauty (1994),01-Jan-94,0,1,0,1,0,0,0,0,0,0,0,0,0,0,0,0,0,0
145,tt0109297,1248,Blink (1994),01-Jan-94,0,0,0,0,0,0,0,0,0,0,0,0,0,0,0,1,0,0
146,tt0109303,572,Blown Away (1994),01-Jan-94,1,0,0,0,0,0,0,0,0,0,0,0,0,0,0,1,0,0
147,tt0109305,1145,Blue Chips (1994),01-Jan-94,0,0,0,0,0,0,0,1,0,0,0,0,0,0,0,0,0,0
148,tt0109306,1211,Blue Sky (1994),01-Jan-94,0,0,0,0,0,0,0,1,0,0,0,0,0,1,0,0,0,0
149,tt0109339,75,Brother Minister: The Assassination of Malcolm X (1994),01-Jan-94,0,0,0,0,0,0,1,0,0,0,0,0,0,0,0,0,0,0
150,tt0109340,698,"Browning Version, The (1994)",01-Jan-94,0,0,0,0,0,0,0,1,0,0,0,0,0,0,0,0,0,0
151,tt0109348,792,Bullets Over Broadway (1994),01-Jan-94,0,0,0,0,1,0,0,0,0,0,0,0,0,0,0,0,0,0
152,tt0109361,998,Cabin Boy (1994),01-Jan-94,0,0,0,0,1,0,0,0,0,0,0,0,0,0,0,0,0,0
153,tt0109374,1327,Captives (1994),16-Sep-94,0,0,0,0,0,0,0,1,0,0,0,0,0,0,0,0,0,0
154,tt0109424,1129,Chungking Express (1994),16-Feb-96,0,0,0,0,0,0,0,1,0,0,0,0,1,1,0,0,0,0
155,tt0109439,575,City Slickers II: The Legend of Curly's Gold (1994),01-Jan-94,0,0,0,0,1,0,0,0,0,0,0,0,0,0,0,0,0,1
156,tt0109443,999,Clean Slate (1994),01-Jan-94,0,0,0,0,1,0,0,0,0,0,0,0,0,0,0,0,0,0
157,tt0109444,566,Clear and Present Danger (1994),01-Jan-94,1,1,0,0,0,0,0,0,0,0,0,0,0,0,0,1,0,0
158,tt0109445,42,Clerks (1994),01-Jan-94,0,0,0,0,1,0,0,0,0,0,0,0,0,0,0,0,0,0
159,tt0109446,356,"Client, The (1994)",01-Jan-94,0,0,0,0,0,0,0,1,0,0,0,0,1,0,0,1,0,0
160,tt0109450,1112,Cobb (1994),01-Jan-94,0,0,0,0,0,0,0,1,0,0,0,0,0,0,0,0,0,0
161,tt0109456,1273,Color of Night (1994),01-Jan-94,0,0,0,0,0,0,0,1,0,0,0,0,0,0,0,1,0,0
162,tt0109480,1182,Cops and Robbersons (1994),01-Jan-94,0,0,0,0,1,0,0,0,0,0,0,0,0,0,0,0,0,0
163,tt0109484,731,"Corrina, Corrina (1994)",01-Jan-94,0,0,0,0,1,0,0,1,0,0,0,0,0,1,0,0,0,0
164,tt0109485,1080,Celestial Clockwork (1994),12-Jul-96,0,0,0,0,1,0,0,0,0,0,0,0,0,0,0,0,0,0
165,tt0109491,1290,Country Life (1994),01-Jan-94,0,0,0,0,0,0,0,1,0,0,0,0,0,1,0,0,0,0
166,tt0109493,1183,"Cowboy Way, The (1994)",01-Jan-94,1,0,0,0,1,0,0,0,0,0,0,0,0,0,0,0,0,0
167,tt0109504,793,Crooklyn (1994),01-Jan-94,0,0,0,0,1,0,0,0,0,0,0,0,0,0,0,0,0,0
168,tt0109506,68,"Crow, The (1994)",01-Jan-94,1,0,0,0,0,0,0,0,0,0,0,0,0,1,0,1,0,0
169,tt0109508,32,Crumb (1994),01-Jan-94,0,0,0,0,0,0,1,0,0,0,0,0,0,0,0,0,0,0
170,tt0109579,1109,Death and the Maiden (1994),01-Jan-94,0,0,0,0,0,0,0,1,0,0,0,0,0,0,0,1,0,0
171,tt0109592,1199,Cemetery Man (Dellamorte Dellamore) (1994),12-Apr-96,0,0,0,0,1,0,0,0,0,0,1,0,0,0,0,0,0,0
172,tt0109635,43,Disclosure (1994),01-Jan-94,0,0,0,0,0,0,0,1,0,0,0,0,0,0,0,1,0,0
173,tt0109642,44,Dolores Claiborne (1994),01-Jan-94,0,0,0,0,0,0,0,1,0,0,0,0,0,0,0,1,0,0
174,tt0109655,1111,Double Happiness (1994),01-Mar-96,0,0,0,0,0,0,0,1,0,0,0,0,0,0,0,0,0,0
175,tt0109676,779,Drop Zone (1994),01-Jan-94,1,0,0,0,0,0,0,0,0,0,0,0,0,0,0,0,0,0
176,tt0109686,780,Dumb & Dumber (1994),01-Jan-94,0,0,0,0,1,0,0,0,0,0,0,0,0,0,0,0,0,0
177,tt0109707,47,Ed Wood (1994),01-Jan-94,0,0,0,0,1,0,0,1,0,0,0,0,0,0,0,0,0,0
178,tt0109729,1184,"Endless Summer 2, The (1994)",01-Jan-94,0,0,0,0,0,0,1,0,0,0,0,0,0,0,0,0,0,0
179,tt0109758,725,Exit to Eden (1994),01-Jan-94,0,0,0,0,1,0,0,0,0,0,0,0,0,0,0,0,0,0
180,tt0109759,46,Exotica (1994),01-Jan-94,0,0,0,0,0,0,0,1,0,0,0,0,0,0,0,0,0,0
181,tt0109783,1655,"Favor, The (1994)",01-Jan-94,0,0,0,0,1,0,0,0,0,0,0,0,0,1,0,0,0,0
182,tt0109813,383,"Flintstones, The (1994)",01-Jan-94,0,0,0,1,1,0,0,0,0,0,0,0,0,0,0,0,0,0
183,tt0109823,1357,For the Moment (1994),01-Jan-94,0,0,0,0,0,0,0,0,0,0,0,0,0,1,0,0,1,0
184,tt0109830,69,Forrest Gump (1994),01-Jan-94,0,0,0,0,1,0,0,0,0,0,0,0,0,1,0,0,1,0
185,tt0109831,70,Four Weddings and a Funeral (1994),01-Jan-94,0,0,0,0,1,0,0,0,0,0,0,0,0,1,0,0,0,0
186,tt0109836,561,Mary Shelley's Frankenstein (1994),01-Jan-94,0,0,0,0,0,0,0,1,0,0,1,0,0,0,0,0,0,0
187,tt0109842,1169,Fresh (1994),01-Jan-94,0,0,0,0,0,0,0,1,0,0,0,0,0,0,0,0,0,0
188,tt0109890,1303,"Getaway, The (1994)",01-Jan-94,1,0,0,0,0,0,0,0,0,0,0,0,0,0,0,0,0,0
189,tt0109913,733,Go Fish (1994),01-Jan-94,0,0,0,0,0,0,0,1,0,0,0,0,0,1,0,0,0,0
190,tt0109934,814,"Great Day in Harlem, A (1994)",01-Jan-94,0,0,0,0,0,0,1,0,0,0,0,0,0,0,0,0,0,0
191,tt0109949,1600,Guantanamera (1994) ? 95,16-May-97,0,0,0,0,1,0,0,0,0,0,0,0,0,0,0,0,0,0
192,tt0110005,558,Heavenly Creatures (1994),01-Jan-94,0,0,0,0,0,0,0,1,1,0,0,0,0,0,0,1,0,0
193,tt0110006,377,Heavyweights (1995),01-Jan-94,0,0,0,1,1,0,0,0,0,0,0,0,0,0,0,0,0,0
194,tt0110057,48,Hoop Dreams (1994),01-Jan-94,0,0,0,0,0,0,1,0,0,0,0,0,0,0,0,0,0,0
195,tt0110066,376,Houseguest (1995),01-Jan-94,0,0,0,0,1,0,0,0,0,0,0,0,0,0,0,0,0,0
196,tt0110074,81,"Hudsucker Proxy, The (1994)",01-Jan-94,0,0,0,0,1,0,0,0,0,0,0,0,0,1,0,0,0,0
197,tt0110093,1180,I Love Trouble (1994),01-Jan-94,1,0,0,0,1,0,0,0,0,0,0,0,0,0,0,0,0,0
198,tt0110099,49,I.Q. (1994),01-Jan-94,0,0,0,0,1,0,0,0,0,0,0,0,0,1,0,0,0,0
199,tt0110116,727,Immortal Beloved (1994),01-Jan-94,0,0,0,0,0,0,0,1,0,0,0,0,0,1,0,0,0,0
200,tt0110123,1185,In the Army Now (1994),01-Jan-94,0,0,0,0,1,0,0,0,0,0,0,0,0,0,0,0,1,0
201,tt0110137,1186,"Inkwell, The (1994)",01-Jan-94,0,0,0,0,1,0,0,1,0,0,0,0,0,0,0,0,0,0
202,tt0110148,559,Interview with the Vampire (1994),01-Jan-94,0,0,0,0,0,0,0,1,0,0,1,0,0,0,0,0,0,0
203,tt0110167,794,It Could Happen to You (1994),01-Jan-94,0,0,0,0,0,0,0,1,0,0,0,0,0,1,0,0,0,0
204,tt0110171,1370,I Can't Sleep (J'ai pas sommeil) (1994),01-Jan-94,0,0,0,0,0,0,0,1,0,0,0,0,0,0,0,1,0,0
205,tt0110173,1366,JLG/JLG - autoportrait de décembre (1994),01-Jan-94,0,0,0,0,0,0,1,1,0,0,0,0,0,0,0,0,0,0
206,tt0110197,804,Jimmy Hollywood (1994),01-Jan-94,0,0,0,0,1,0,0,0,0,0,0,0,0,0,0,0,0,0
207,tt0110213,465,"Jungle Book, The (1994)",01-Jan-94,0,1,0,1,0,0,0,0,0,0,0,0,0,1,0,0,0,0
208,tt0110216,728,Junior (1994),01-Jan-94,0,0,0,0,1,0,0,0,0,0,0,0,0,0,1,0,0,0
209,tt0110251,1626,Nobody Loves Me (Keiner liebt mich) (1994),09-Feb-96,0,0,0,0,1,0,0,1,0,0,0,0,0,0,0,0,0,0
210,tt0110259,1275,Killer (Bulletproof Heart) (1994),,0,0,0,0,0,0,0,0,0,0,0,0,0,0,0,1,0,0
211,tt0110265,943,Killing Zoe (1994),01-Jan-94,0,0,0,0,0,0,0,0,0,0,0,0,0,0,0,1,0,0
212,tt0110299,1628,Lamerica (1994),01-Jan-94,0,0,0,0,0,0,0,1,0,0,0,0,0,0,0,0,0,0
213,tt0110310,741,"Last Supper, The (1995)",05-Apr-96,0,0,0,0,0,0,0,1,0,0,0,0,0,0,0,1,0,0
214,tt0110322,51,Legends of the Fall (1994),01-Jan-94,0,0,0,0,0,0,0,1,0,0,0,0,0,1,0,0,1,1
215,tt0110353,1000,Lightning Jack (1994),01-Jan-94,0,0,0,0,1,0,0,0,0,0,0,0,0,0,0,0,0,1
216,tt0110357,71,"Lion King, The (1994)",01-Jan-94,0,0,1,1,0,0,0,0,0,0,0,1,0,0,0,0,0,0
217,tt0110363,1032,Little Big League (1994),01-Jan-94,0,0,0,1,1,0,0,0,0,0,0,0,0,0,0,0,0,0
218,tt0110365,782,Little Odessa (1994),01-Jan-94,0,0,0,0,0,0,0,1,0,0,0,0,0,0,0,0,0,0
219,tt0110366,400,"Little Rascals, The (1994)",01-Jan-94,0,0,0,1,1,0,0,0,0,0,0,0,0,0,0,0,0,0
220,tt0110367,699,Little Women (1994),01-Jan-94,0,0,0,0,0,0,0,1,0,0,0,0,0,0,0,0,0,0
221,tt0110374,1324,Loaded (1994),12-Apr-96,0,0,0,0,0,0,0,1,0,0,0,0,0,0,0,1,0,0
222,tt0110391,1297,Love Affair (1994),01-Jan-94,0,0,0,0,0,0,0,1,0,0,0,0,0,1,0,0,0,0
223,tt0110395,1077,Love and a .45 (1994),01-Jan-94,0,0,0,0,0,0,0,0,0,0,0,0,0,0,0,1,0,0
224,tt0110399,1181,"Low Down Dirty Shame, A (1994)",01-Jan-94,1,0,0,0,1,0,0,0,0,0,0,0,0,0,0,0,0,0
225,tt0110413,55,"Professional, The (1994)",01-Jan-94,0,0,0,0,0,1,0,1,0,0,0,0,0,1,0,1,0,0
226,tt0110428,52,"Madness of King George, The (1994)",01-Jan-94,0,0,0,0,0,0,0,1,0,0,0,0,0,0,0,0,0,0
227,tt0110455,1075,"Man of No Importance, A (1994)",01-Jan-94,0,0,0,0,0,0,0,1,0,0,0,0,0,0,0,0,0,0
228,tt0110475,72,"Mask, The (1994)",01-Jan-94,0,0,0,0,1,1,0,0,1,0,0,0,0,0,0,0,0,0
229,tt0110478,73,Maverick (1994),01-Jan-94,1,0,0,0,1,0,0,0,0,0,0,0,0,0,0,0,0,1
230,tt0110480,119,Maya Lin: A Strong Clear Vision (1994),01-Jan-94,0,0,0,0,0,0,1,0,0,0,0,0,0,0,0,0,0,0
231,tt0110516,783,Milk Money (1994),01-Jan-94,0,0,0,0,1,0,0,0,0,0,0,0,0,1,0,0,0,0
232,tt0110521,1368,Mina Tannenbaum (1994),01-Jan-94,0,0,0,0,0,0,0,1,0,0,0,0,0,0,0,0,0,0
233,tt0110527,378,Miracle on 34th Street (1994),01-Jan-94,0,0,0,0,0,0,0,1,0,0,0,0,0,0,0,0,0,0
234,tt0110538,1209,Mixed Nuts (1994),01-Jan-94,0,0,0,0,1,0,0,0,0,0,0,0,0,0,0,0,0,0
235,tt0110588,1113,Mrs. Parker and the Vicious Circle (1994),01-Jan-94,0,0,0,0,0,0,0,1,0,0,0,0,0,0,0,0,0,0
236,tt0110598,381,Muriel's Wedding (1994),01-Jan-94,0,0,0,0,1,0,0,0,0,0,0,0,0,1,0,0,0,0
237,tt0110620,37,Nadja (1994),01-Jan-94,0,0,0,0,0,0,0,1,0,0,0,0,0,0,0,0,0,0
238,tt0110622,384,Naked Gun 33 1/3: The Final Insult (1994),01-Jan-94,0,0,0,0,1,0,0,0,0,0,0,0,0,0,0,0,0,0
239,tt0110632,53,Natural Born Killers (1994),01-Jan-94,1,0,0,0,0,0,0,0,0,0,0,0,0,0,0,1,0,0
240,tt0110638,729,Nell (1994),01-Jan-94,0,0,0,0,0,0,0,1,0,0,0,0,0,0,0,0,0,0
241,tt0110647,548,"NeverEnding Story III, The (1994)",02-Feb-96,0,0,0,1,0,0,0,0,1,0,0,0,0,0,0,0,0,0
242,tt0110649,1661,"New Age, The (1994)",01-Jan-94,0,0,0,0,0,0,0,1,0,0,0,0,0,0,0,0,0,0
243,tt0110684,956,Nobody's Fool (1994),01-Jan-94,0,0,0,0,0,0,0,1,0,0,0,0,0,0,0,0,0,0
244,tt0110687,1271,North (1994),01-Jan-94,0,0,0,0,1,0,0,0,0,0,0,0,0,0,0,0,0,0
245,tt0110693,1264,Nothing to Lose (1994),16-Aug-96,0,0,0,0,0,0,0,1,0,0,0,0,0,0,0,0,0,0
246,tt0110712,1328,Of Love and Shadows (1994),10-May-96,0,0,0,0,0,0,0,1,0,0,0,0,0,0,0,0,0,0
247,tt0110729,1194,Once Were Warriors (1994),01-Jan-94,0,0,0,0,0,1,0,1,0,0,0,0,0,0,0,0,0,0
248,tt0110737,785,Only You (1994),01-Jan-94,0,0,0,0,1,0,0,0,0,0,0,0,0,1,0,0,0,0
249,tt0110763,1076,"Pagemaster, The (1994)",01-Jan-94,1,1,1,1,0,0,0,0,1,0,0,0,0,0,0,0,0,0
250,tt0110769,1099,"Red Firecracker, Green Firecracker (1994)",01-Jan-94,0,0,0,0,0,0,0,1,0,0,0,0,0,0,0,0,0,0
251,tt0110771,1044,"Paper, The (1994)",01-Jan-94,0,0,0,0,1,0,0,1,0,0,0,0,0,0,0,0,0,0
252,tt0110877,14,"Postino, Il (1994)",01-Jan-94,0,0,0,0,0,0,0,1,0,0,0,0,0,1,0,0,0,0
253,tt0110882,1193,Before the Rain (Pred dozhdot) (1994),01-Jan-94,0,0,0,0,0,0,0,1,0,0,0,0,0,0,0,0,0,0
254,tt0110889,57,Priest (1994),01-Jan-94,0,0,0,0,0,0,0,1,0,0,0,0,0,0,0,0,0,0
255,tt0110892,1285,Princess Caraboo (1994),01-Jan-94,0,0,0,0,0,0,0,1,0,0,0,0,0,0,0,0,0,0
256,tt0110907,1230,Ready to Wear (Pret-A-Porter) (1994),01-Jan-94,0,0,0,0,1,0,0,0,0,0,0,0,0,0,0,0,0,0
257,tt0110912,56,Pulp Fiction (1994),01-Jan-94,0,0,0,0,0,1,0,1,0,0,0,0,0,0,0,0,0,0
258,tt0110932,58,Quiz Show (1994),01-Jan-94,0,0,0,0,0,0,0,1,0,0,0,0,0,0,0,0,0,0
259,tt0110939,394,Radioland Murders (1994),01-Jan-94,0,0,0,0,1,0,0,0,0,0,0,0,1,1,0,0,0,0
260,tt0110950,1074,Reality Bites (1994),01-Jan-94,0,0,0,0,1,0,0,1,0,0,0,0,0,0,0,0,0,0
261,tt0110955,85,"Ref, The (1994)",01-Jan-94,0,0,0,0,1,0,0,0,0,0,0,0,0,0,0,0,0,0
262,tt0110963,730,"Queen Margot (Reine Margot, La) (1994)",01-Jan-96,0,0,0,0,0,0,0,1,0,0,0,0,0,1,0,0,0,0
263,tt0110965,788,Relative Fear (1994),01-Jan-94,0,0,0,0,0,0,0,0,0,0,1,0,0,0,0,1,0,0
264,tt0110971,944,Renaissance Man (1994),01-Jan-94,0,0,0,0,1,0,0,1,0,0,0,0,0,0,0,0,1,0
265,tt0110997,281,"River Wild, The (1994)",01-Jan-94,1,0,0,0,0,0,0,0,0,0,0,0,0,0,0,1,0,0
266,tt0111001,1140,"Road to Wellville, The (1994)",01-Jan-94,0,0,0,0,1,0,0,0,0,0,0,0,0,0,0,0,0,0
267,tt0111003,84,Robert A. Heinlein's The Puppet Masters (1994),01-Jan-94,0,0,0,0,0,0,0,0,0,0,1,0,0,0,1,0,0,0
268,tt0111019,1171,Wild Reeds (1994),01-Jan-94,0,0,0,0,0,0,0,1,0,0,0,0,0,0,0,0,0,0
269,tt0111054,1554,Safe Passage (1994),01-Jan-94,0,0,0,0,0,0,0,1,0,0,0,0,0,0,0,0,0,0
270,tt0111070,63,"Santa Clause, The (1994)",01-Jan-94,0,0,0,1,1,0,0,0,0,0,0,0,0,0,0,0,0,0
271,tt0111094,1224,"Scout, The (1994)",01-Jan-94,0,0,0,0,0,0,0,1,0,0,0,0,0,0,0,0,0,0
272,tt0111112,463,"Secret of Roan Inish, The (1994)",01-Jan-94,0,1,0,0,0,0,0,0,0,0,0,0,0,0,0,0,0,0
273,tt0111127,396,Serial Mom (1994),01-Jan-94,0,0,0,0,1,1,0,0,0,0,1,0,0,0,0,0,0,0
274,tt0111143,810,"Shadow, The (1994)",01-Jan-94,1,0,0,0,0,0,0,0,0,0,0,0,0,0,0,0,0,0
275,tt0111149,1073,Shallow Grave (1994),01-Jan-94,0,0,0,0,0,0,0,0,0,0,0,0,0,0,0,1,0,0
276,tt0111161,64,"Shawshank Redemption, The (1994)",01-Jan-94,0,0,0,0,0,0,0,1,0,0,0,0,0,0,0,0,0,0
277,tt0111173,1595,Shopping (1994),09-Feb-96,1,0,0,0,0,0,0,0,0,0,0,0,0,0,0,1,0,0
278,tt0111180,1333,Midnight Dancers (Sibak) (1994),01-Jan-94,0,0,0,0,1,0,0,1,0,0,0,0,0,0,0,0,0,0
279,tt0111194,1055,"Simple Twist of Fate, A (1994)",01-Jan-94,0,0,0,0,0,0,0,1,0,0,0,0,0,0,0,0,0,0
280,tt0111201,737,Sirens (1994),01-Jan-94,0,0,0,0,1,0,0,1,0,0,0,0,0,0,0,0,0,0
281,tt0111237,1334,Somebody to Love (1994),14-Jun-96,0,0,0,0,0,0,0,1,0,0,0,0,0,0,0,0,0,0
282,tt0111252,1170,Spanking the Monkey (1994),01-Jan-94,0,0,0,0,1,0,0,1,0,0,0,0,0,0,0,0,0,0
283,tt0111256,796,Speechless (1994),01-Jan-94,0,0,0,0,1,0,0,0,0,0,0,0,0,1,0,0,0,0
284,tt0111257,568,Speed (1994),01-Jan-94,1,0,0,0,0,0,0,0,0,0,0,0,0,1,0,1,0,0
285,tt0111280,380,Star Trek: Generations (1994),01-Jan-94,1,1,0,0,0,0,0,0,0,0,0,0,0,0,1,0,0,0
286,tt0111282,62,Stargate (1994),01-Jan-94,1,1,0,0,0,0,0,0,0,0,0,0,0,0,1,0,0,0
287,tt0111309,1167,"Sum of Us, The (1994)",01-Jan-94,0,0,0,0,1,0,0,0,0,0,0,0,0,0,0,0,0,0
288,tt0111323,1314,Surviving the Game (1994),01-Jan-94,1,1,0,0,0,0,0,0,0,0,0,0,0,0,0,1,0,0
289,tt0111357,1272,Talking About Sex (1994),01-Jan-94,0,0,0,0,1,0,0,1,0,0,0,0,0,0,0,0,0,0
290,tt0111400,586,Terminal Velocity (1994),01-Jan-94,1,0,0,0,0,0,0,0,0,0,0,0,0,0,0,0,0,0
291,tt0111418,738,Threesome (1994),01-Jan-94,0,0,0,0,1,0,0,0,0,0,0,0,0,1,0,0,0,0
292,tt0111424,1345,"Day the Sun Turned Cold, The (Tianguo niezi) (1994)",01-Jan-94,0,0,0,0,0,0,0,1,0,0,0,0,0,0,0,0,0,0
293,tt0111430,1561,Tigrero: A Film That Was Never Made (1994),01-Jan-94,0,0,0,0,0,0,1,1,0,0,0,0,0,0,0,0,0,0
294,tt0111438,797,Timecop (1994),01-Jan-94,1,0,0,0,0,0,0,0,0,0,0,0,0,0,1,0,0,0
295,tt0111454,1148,Tom & Viv (1994),01-Jan-94,0,0,0,0,0,0,0,1,0,0,0,0,0,0,0,0,0,0
296,tt0111495,59,Three Colors: Red (1994),01-Jan-94,0,0,0,0,0,0,0,1,0,0,0,0,0,0,0,0,0,0
297,tt0111503,385,True Lies (1994),01-Jan-94,1,1,0,0,1,0,0,0,0,0,0,0,0,1,0,0,0,0
298,tt0111507,61,Three Colors: White (1994),01-Jan-94,0,0,0,0,0,0,0,1,0,0,0,0,0,0,0,0,0,0
299,tt0111546,1330,An Unforgettable Summer (1994),01-Jan-94,0,0,0,0,0,0,0,1,0,0,0,0,0,0,0,0,0,0
300,tt0111579,753,Burnt By the Sun (1994),01-Jan-94,0,0,0,0,0,0,0,1,0,0,0,0,0,0,0,0,0,0
301,tt0111590,464,Vanya on 42nd Street (1994),01-Jan-94,0,0,0,0,0,0,0,1,0,0,0,0,0,0,0,0,0,0
302,tt0111622,1360,"Sexual Life of the Belgians, The (1994)",01-Jan-94,0,0,0,0,1,0,0,0,0,0,0,0,0,0,0,0,0,0
303,tt0111667,1058,"War, The (1994)",01-Jan-94,0,1,0,0,0,0,0,1,0,0,0,0,0,0,0,0,0,0
304,tt0111686,567,Wes Craven's New Nightmare (1994),01-Jan-94,0,0,0,0,0,0,0,0,0,0,1,0,0,0,0,0,0,0
305,tt0111689,1100,What Happened Was... (1994),01-Jan-94,0,0,0,0,1,0,0,1,0,0,0,0,0,1,0,0,0,0
306,tt0111693,1221,When a Man Loves a Woman (1994),01-Jan-94,0,0,0,0,0,0,0,1,0,0,0,0,0,0,0,0,0,0
307,tt0111712,703,Widows' Peak (1994),01-Jan-94,0,0,0,0,0,0,0,1,0,0,0,0,0,0,0,0,0,0
308,tt0111732,941,With Honors (1994),01-Jan-94,0,0,0,0,1,0,0,1,0,0,0,0,0,0,0,0,0,0
309,tt0111742,569,Wolf (1994),01-Jan-94,0,0,0,0,0,0,0,1,0,0,1,0,0,0,0,0,0,0
310,tt0111756,570,Wyatt Earp (1994),01-Jan-94,0,0,0,0,0,0,0,0,0,0,0,0,0,0,0,0,0,1
311,tt0111787,1557,Yankee Zulu (1994),16-Feb-96,0,0,0,0,1,0,0,1,0,0,0,0,0,0,0,0,0,0
312,tt0111797,45,Eat Drink Man Woman (1994),01-Jan-94,0,0,0,0,1,0,0,1,0,0,0,0,0,0,0,0,0,0
313,tt0111804,1681,You So Crazy (1994),01-Jan-94,0,0,0,0,1,0,0,0,0,0,0,0,0,0,0,0,0,0
314,tt0112281,364,Ace Ventura: When Nature Calls (1995),01-Jan-95,0,0,0,0,1,0,0,0,0,0,0,0,0,0,0,0,0,0
315,tt0112286,757,Across the Sea of Time (1995),01-Jan-95,0,0,0,0,0,0,1,0,0,0,0,0,0,0,0,0,0,0
316,tt0112288,767,"Addiction, The (1995)",01-Jan-95,0,0,0,0,0,0,0,0,0,0,1,0,0,0,0,0,0,0
317,tt0112302,1469,Tom and Huck (1995),01-Jan-95,0,1,0,1,0,0,0,0,0,0,0,0,0,0,0,0,0,0
318,tt0112342,1540,"Amazing Panda Adventure, The (1995)",01-Jan-95,0,1,0,1,0,0,0,0,0,0,0,0,0,0,0,0,0,0
319,tt0112346,692,"American President, The (1995)",01-Jan-95,0,0,0,0,1,0,0,1,0,0,0,0,0,1,0,0,0,0
320,tt0112362,1643,Angel Baby (1995),10-Jan-97,0,0,0,0,0,0,0,1,0,0,0,0,0,0,0,0,0,0
321,tt0112364,1603,Angela (1995),16-Feb-96,0,0,0,0,0,0,0,1,0,0,0,0,0,0,0,0,0,0
322,tt0112365,20,Angels and Insects (1995),01-Jan-95,0,0,0,0,0,0,0,1,0,0,0,0,0,1,0,0,0,0
323,tt0112368,1225,Angus (1995),01-Jan-95,0,0,0,0,1,0,0,0,0,0,0,0,0,0,0,0,0,0
324,tt0112373,1084,Anne Frank Remembered (1995),23-Feb-96,0,0,0,0,0,0,1,0,0,0,0,0,0,0,0,0,0,0
325,tt0112379,19,Antonia's Line (1995),01-Jan-95,0,0,0,0,0,0,0,1,0,0,0,0,0,0,0,0,0,0
326,tt0112401,1217,Assassins (1995),01-Jan-95,0,0,0,0,0,0,0,0,0,0,0,0,0,0,0,1,0,0
327,tt0112427,1227,"Awfully Big Adventure, An (1995)",01-Jan-95,0,0,0,0,0,0,0,1,0,0,0,0,0,0,0,0,0,0
328,tt0112431,8,Babe (1995),01-Jan-95,0,0,0,1,1,0,0,1,0,0,0,0,0,0,0,0,0,0
329,tt0112435,791,"Baby-Sitters Club, The (1995)",01-Jan-95,0,0,0,1,0,0,0,0,0,0,0,0,0,0,0,0,0,0
330,tt0112438,1508,"Babysitter, The (1995)",01-Jan-95,0,0,0,0,0,0,0,1,0,0,0,0,0,0,0,1,0,0
331,tt0112442,27,Bad Boys (1995),01-Jan-95,1,0,0,0,0,0,0,0,0,0,0,0,0,0,0,0,0,0
332,tt0112443,798,Bad Company (1995),01-Jan-95,1,0,0,0,0,0,0,0,0,0,0,0,0,0,0,0,0,0
333,tt0112445,18,"White Balloon, The (1995)",01-Jan-95,0,0,0,0,0,0,0,1,0,0,0,0,0,0,0,0,0,0
334,tt0112453,1066,Balto (1995),01-Jan-95,0,0,1,1,0,0,0,0,0,0,0,0,0,0,0,0,0,0
335,tt0112461,697,"Basketball Diaries, The (1995)",01-Jan-95,0,0,0,0,0,0,0,1,0,0,0,0,0,0,0,0,0,0
336,tt0112462,29,Batman Forever (1995),01-Jan-95,1,1,0,0,1,1,0,0,0,0,0,0,0,0,0,0,0,0
337,tt0112471,955,Before Sunrise (1995),01-Jan-95,0,0,0,0,0,0,0,1,0,0,0,0,0,1,0,0,0,0
338,tt0112483,1250,Best of the Best 3: No Turning Back (1995),01-Jan-95,1,0,0,0,0,0,0,0,0,0,0,0,0,0,0,0,0,0
339,tt0112495,1107,Beyond Rangoon (1995),01-Jan-95,0,0,0,0,0,0,0,1,0,0,0,0,0,0,0,0,0,0
340,tt0112499,996,"Big Green, The (1995)",01-Jan-95,0,0,0,1,1,0,0,0,0,0,0,0,0,0,0,0,0,0
341,tt0112508,41,Billy Madison (1995),01-Jan-95,0,0,0,0,1,0,0,0,0,0,0,0,0,0,0,0,0,0
342,tt0112536,1087,Bloodsport 2 (1995),01-Mar-96,1,0,0,0,0,0,0,0,0,0,0,0,0,0,0,0,0,0
343,tt0112541,952,Blue in the Face (1995),01-Jan-95,0,0,0,0,1,0,0,0,0,0,0,0,0,0,0,0,0,0
344,tt0112571,723,Boys on the Side (1995),01-Jan-95,0,0,0,0,1,0,0,1,0,0,0,0,0,0,0,0,0,0
345,tt0112572,401,"Brady Bunch Movie, The (1995)",01-Jan-95,0,0,0,0,1,0,0,0,0,0,0,0,0,0,0,0,0,0
346,tt0112573,22,Braveheart (1995),16-Feb-96,1,0,0,0,0,0,0,1,0,0,0,0,0,0,0,0,1,0
347,tt0112579,371,"Bridges of Madison County, The (1995)",09-Feb-96,0,0,0,0,0,0,0,1,0,0,0,0,0,1,0,0,0,0
348,tt0112585,26,"Brothers McMullen, The (1995)",01-Jan-95,0,0,0,0,1,0,0,0,0,0,0,0,0,0,0,0,0,0
349,tt0112586,1636,Brothers in Trouble (1995),26-Apr-96,0,0,0,0,0,0,0,1,0,0,0,0,0,0,0,0,0,0
350,tt0112602,1246,Bushwhacked (1995),01-Jan-95,0,0,0,0,1,0,0,0,0,0,0,0,0,0,0,0,0,0
351,tt0112604,1621,Butterfly Kiss (1995),26-Apr-96,0,0,0,0,0,0,0,0,0,0,0,0,0,0,0,1,0,0
352,tt0112606,1446,"Bye Bye, Love (1995)",01-Jan-95,0,0,0,0,1,0,0,0,0,0,0,0,0,0,0,0,0,0
353,tt0112625,816,Candyman: Farewell to the Flesh (1995),01-Jan-95,0,0,0,0,0,0,0,0,0,0,1,0,0,0,0,0,0,0
354,tt0112637,714,Carrington (1995),01-Jan-95,0,0,0,0,0,0,0,1,0,0,0,0,0,1,0,0,0,0
355,tt0112641,693,Casino (1995),01-Jan-95,0,0,0,0,0,0,0,1,0,0,0,0,0,0,0,0,0,0
356,tt0112642,768,Casper (1995),01-Jan-95,0,1,0,1,0,0,0,0,0,0,0,0,0,0,0,0,0,0
357,tt0112646,1318,Catwalk (1995),07-Jun-96,0,0,0,0,0,0,1,0,0,0,0,0,0,0,0,0,0,0
358,tt0112651,813,"Celluloid Closet, The (1995)",15-Mar-96,0,0,0,0,0,0,1,0,0,0,0,0,0,0,0,0,0,0
359,tt0112679,724,Circle of Friends (1995),01-Jan-95,0,0,0,0,0,0,0,1,0,0,0,0,0,1,0,0,0,0
360,tt0112682,919,"City of Lost Children, The (1995)",01-Jan-95,0,1,0,0,0,0,0,0,0,0,0,0,0,0,1,0,0,0
361,tt0112688,1267,Clockers (1995),01-Jan-95,0,0,0,0,0,0,0,1,0,0,0,0,0,0,0,0,0,0
362,tt0112697,367,Clueless (1995),01-Jan-95,0,0,0,0,1,0,0,0,0,0,0,0,0,0,0,0,0,0
363,tt0112702,1414,Coldblooded (1995),01-Jan-95,1,0,0,0,0,0,0,0,0,0,0,0,0,0,0,0,0,0
364,tt0112712,1556,Condition Red (1995),01-Jan-95,1,0,0,0,0,0,0,1,0,0,0,0,0,0,0,1,0,0
365,tt0112715,769,Congo (1995),01-Jan-95,1,1,0,0,0,0,0,0,0,0,0,0,1,0,1,0,0,0
366,tt0112716,1342,"Convent, The (Convento, O) (1995)",14-Jun-96,0,0,0,0,0,0,0,1,0,0,0,0,0,0,0,0,0,0
367,tt0112722,5,Copycat (1995),01-Jan-95,0,0,0,0,0,1,0,1,0,0,0,0,0,0,0,1,0,0
368,tt0112740,31,Crimson Tide (1995),01-Jan-95,0,0,0,0,0,0,0,1,0,0,0,0,0,0,0,1,1,0
369,tt0112744,460,"Crossing Guard, The (1995)",01-Jan-95,0,0,0,0,0,0,0,1,0,0,0,0,0,0,0,0,0,0
370,tt0112746,1340,"Crude Oasis, The (1995)",01-Jan-95,0,0,0,0,0,0,0,0,0,0,0,0,0,1,0,0,0,0
371,tt0112749,459,"Cry, the Beloved Country (1995)",01-Jan-95,0,0,0,0,0,0,0,1,0,0,0,0,0,0,0,0,0,0
372,tt0112757,1468,"Cure, The (1995)",01-Jan-95,0,0,0,0,0,0,0,1,0,0,0,0,0,0,0,0,0,0
373,tt0112760,1239,Cutthroat Island (1995),01-Jan-95,1,1,0,0,0,0,0,0,0,0,0,0,0,1,0,0,0,0
374,tt0112767,1156,Cyclo (1995),02-Aug-96,0,0,0,0,0,1,0,1,0,0,0,0,0,0,0,0,0,0
375,tt0112769,1623,"Cérémonie, La (1995)",20-Dec-96,0,0,0,0,0,0,0,1,0,0,0,0,0,0,0,0,0,0
376,tt0112777,1641,Dadetown (1995),18-Sep-96,0,0,0,0,0,0,1,0,0,0,0,0,0,0,0,0,0,0
377,tt0112792,366,Dangerous Minds (1995),01-Jan-95,0,0,0,0,0,0,0,1,0,0,0,0,0,0,0,0,0,0
378,tt0112817,922,Dead Man (1995),10-May-96,0,0,0,0,0,0,0,0,0,0,0,0,0,0,0,0,0,1
379,tt0112818,9,Dead Man Walking (1995),01-Jan-95,0,0,0,0,0,0,0,1,0,0,0,0,0,0,0,0,0,0
380,tt0112819,1478,Dead Presidents (1995),01-Jan-95,1,0,0,0,0,1,0,1,0,0,0,0,0,0,0,0,0,0
381,tt0112844,1288,Denise Calls Up (1995),29-Mar-96,0,0,0,0,1,0,0,0,0,0,0,0,0,0,0,0,0,0
382,tt0112851,33,Desperado (1995),01-Jan-95,1,0,0,0,0,0,0,0,0,0,0,0,0,1,0,1,0,0
383,tt0112854,1550,Destiny Turns on the Radio (1995),01-Jan-95,0,0,0,0,1,0,0,0,0,0,0,0,0,0,0,0,0,0
384,tt0112857,770,Devil in a Blue Dress (1995),01-Jan-95,0,0,0,0,0,1,0,0,0,1,0,0,1,0,0,1,0,0
385,tt0112864,550,Die Hard: With a Vengeance (1995),01-Jan-95,1,0,0,0,0,0,0,0,0,0,0,0,0,0,0,1,0,0
386,tt0112887,34,"Doom Generation, The (1995)",01-Jan-95,0,0,0,0,1,0,0,1,0,0,0,0,0,0,0,0,0,0
387,tt0112896,1052,Dracula: Dead and Loving It (1995),01-Jan-95,0,0,0,0,1,0,0,0,0,0,1,0,0,0,0,0,0,0
388,tt0112907,1427,Drunks (1995),01-Nov-96,0,0,0,0,0,0,0,1,0,0,0,0,0,0,0,0,0,0
389,tt0112966,580,"Englishman Who Went Up a Hill, But Came Down a Mountain, The (1995)",01-Jan-95,0,0,0,0,1,0,0,0,0,0,0,0,0,1,0,0,0,0
390,tt0113010,759,Fair Game (1995),01-Jan-95,1,0,0,0,0,0,0,0,0,0,0,0,0,0,0,0,0,0
391,tt0113028,1531,Far From Home: The Adventures of Yellow Dog (1995),01-Jan-95,0,1,0,1,0,0,0,0,0,0,0,0,0,0,0,0,0,0
392,tt0113041,756,Father of the Bride Part II (1995),01-Jan-95,0,0,0,0,1,0,0,0,0,0,0,0,0,0,0,0,0,0
393,tt0113043,1520,"Fear, The (1995)",01-Jan-95,0,0,0,0,0,0,0,0,0,0,1,0,0,0,0,0,0,0
394,tt0113044,1108,Feast of July (1995),01-Jan-95,0,0,0,0,0,0,0,1,0,0,0,0,0,0,0,0,0,0
395,tt0113057,1158,"Fille seule, La (A Single Girl) (1995)",30-Oct-96,0,0,0,0,0,0,0,1,0,0,0,0,0,0,0,0,0,0
396,tt0113071,720,First Knight (1995),01-Jan-95,1,1,0,0,0,0,0,1,0,0,0,0,0,1,0,0,0,0
397,tt0113080,1495,Flirt (1995),07-Aug-96,0,0,0,0,0,0,0,1,0,0,0,0,0,0,0,0,0,0
398,tt0113083,927,"Flower of My Secret, The (Flor de mi secreto, La) (1995)",08-Mar-96,0,0,0,0,0,0,0,1,0,0,0,0,0,0,0,0,0,0
399,tt0113089,726,Fluke (1995),01-Jan-95,0,0,0,1,0,0,0,1,0,0,0,0,0,0,0,0,0,0
400,tt0113097,1041,Forget Paris (1995),01-Jan-95,0,0,0,0,1,0,0,0,0,0,0,0,0,1,0,0,0,0
401,tt0113101,3,Four Rooms (1995),01-Jan-95,0,0,0,0,0,0,0,0,0,0,0,0,0,0,0,1,0,0
402,tt0113107,1545,Frankie Starlight (1995),01-Jan-95,0,0,0,0,0,0,0,1,0,0,0,0,0,1,0,0,0,0
403,tt0113114,35,Free Willy 2: The Adventure Home (1995),01-Jan-95,0,1,0,1,0,0,0,1,0,0,0,0,0,0,0,0,0,0
404,tt0113117,781,French Kiss (1995),01-Jan-95,0,0,0,0,1,0,0,0,0,0,0,0,0,1,0,0,0,0
405,tt0113118,1218,Friday (1995),01-Jan-95,0,0,0,0,1,0,0,0,0,0,0,0,0,0,0,0,0,0
406,tt0113122,817,Frisk (1995),29-Mar-96,0,0,0,0,0,0,0,1,0,0,0,0,0,0,0,0,0,0
407,tt0113149,16,French Twist (Gazon maudit) (1995),01-Jan-95,0,0,0,0,1,0,0,0,0,0,0,0,0,1,0,0,0,0
408,tt0113158,950,Georgia (1995),01-Jan-95,0,0,0,0,0,0,0,1,0,0,0,0,0,0,0,0,0,0
409,tt0113161,4,Get Shorty (1995),01-Jan-95,1,0,0,0,1,0,0,1,0,0,0,0,0,0,0,0,0,0
410,tt0113173,1486,Girl in the Cadillac (1995),01-Jan-95,0,0,0,0,0,0,0,1,0,0,0,0,0,0,0,0,0,0
411,tt0113188,1503,Gold Diggers: The Secret of Bear Mountain (1995),01-Jan-95,0,1,0,1,0,0,0,0,0,0,0,0,0,0,0,0,0,0
412,tt0113189,2,GoldenEye (1995),01-Jan-95,1,1,0,0,0,0,0,0,0,0,0,0,0,0,0,1,0,0
413,tt0113198,1219,"Goofy Movie, A (1995)",01-Jan-95,0,0,1,1,1,0,0,0,0,0,0,0,0,1,0,0,0,0
414,tt0113199,1408,Gordy (1995),01-Jan-95,0,0,0,0,1,0,0,0,0,0,0,0,0,0,0,0,0,0
415,tt0113211,1282,"Grass Harp, The (1995)",11-Oct-96,0,0,0,0,0,0,0,1,0,0,0,0,0,0,0,0,0,0
416,tt0113228,1028,Grumpier Old Men (1995),01-Jan-95,0,0,0,0,1,0,0,0,0,0,0,0,0,1,0,0,0,0
417,tt0113234,1470,Gumby: The Movie (1995),01-Jan-95,0,0,1,1,0,0,0,0,0,0,0,0,0,0,0,0,0,0
418,tt0113243,1139,Hackers (1995),01-Jan-95,1,0,0,0,0,1,0,0,0,0,0,0,0,0,0,1,0,0
419,tt0113253,834,Halloween: The Curse of Michael Myers (1995),01-Jan-95,0,0,0,0,0,0,0,0,0,0,1,0,0,0,0,1,0,0
420,tt0113270,115,"Haunted World of Edward D. Wood Jr., The (1995)",26-Apr-96,0,0,0,0,0,0,1,0,0,0,0,0,0,0,0,0,0,0
421,tt0113277,273,Heat (1995),01-Jan-95,1,0,0,0,0,1,0,0,0,0,0,0,0,0,0,1,0,0
422,tt0113280,594,Heavy (1995),05-Jun-96,0,0,0,0,0,0,0,1,0,0,0,0,0,1,0,0,0,0
423,tt0113303,1471,Hideaway (1995),01-Jan-95,0,0,0,0,0,0,0,0,0,0,0,0,0,0,0,1,0,0
424,tt0113305,1220,Higher Learning (1995),01-Jan-95,0,0,0,0,0,0,0,1,0,0,0,0,0,0,0,0,0,0
425,tt0113314,1380,Hollow Reed (1996),02-May-97,0,0,0,0,0,0,0,1,0,0,0,0,0,0,0,0,0,0
426,tt0113319,1320,Homage (1995),03-May-96,0,0,0,0,0,0,0,1,0,0,0,0,0,0,0,0,0,0
427,tt0113321,716,Home for the Holidays (1995),01-Jan-95,0,0,0,0,0,0,0,1,0,0,0,0,0,1,0,0,0,0
428,tt0113326,24,Rumble in the Bronx (1995),23-Feb-96,1,1,0,0,0,1,0,0,0,0,0,0,0,0,0,0,0,0
429,tt0113347,949,How to Make an American Quilt (1995),01-Jan-95,0,0,0,0,0,0,0,1,0,0,0,0,0,1,0,0,0,0
430,tt0113360,1552,"Hunted, The (1995)",01-Jan-95,1,0,0,0,0,0,0,0,0,0,0,0,0,0,0,0,0,0
431,tt0113362,113,"Horseman on the Roof, The (Hussard sur le toit, Le) (1995)",19-Apr-96,0,0,0,0,0,0,0,1,0,0,0,0,0,0,0,0,0,0
432,tt0113419,951,"Indian in the Cupboard, The (1995)",01-Jan-95,0,1,0,1,0,0,0,0,1,0,0,0,0,0,0,0,0,0
433,tt0113425,1390,"Innocent Sleep, The (1995)",27-Jun-97,0,0,0,0,0,1,0,0,0,0,0,0,0,0,0,0,0,0
434,tt0113442,1544,It Takes Two (1995),01-Jan-95,0,0,0,0,1,0,0,0,0,0,0,0,0,0,0,0,0,0
435,tt0113443,1086,It's My Party (1995),22-Mar-96,0,0,0,0,0,0,0,1,0,0,0,0,0,0,0,0,0,0
436,tt0113448,1289,Jack and Sarah (1995),22-Mar-96,0,0,0,0,0,0,0,0,0,0,0,0,0,1,0,0,0,0
437,tt0113451,1207,Jade (1995),01-Jan-95,0,0,0,0,0,0,0,0,0,0,0,0,0,0,0,1,0,0
438,tt0113463,1530,Jefferson in Paris (1995),01-Jan-95,0,0,0,0,0,0,0,1,0,0,0,0,0,0,0,0,0,0
439,tt0113464,372,Jeffrey (1995),01-Jan-95,0,0,0,0,1,0,0,0,0,0,0,0,0,0,0,0,0,0
440,tt0113481,771,Johnny Mnemonic (1995),01-Jan-95,1,0,0,0,0,0,0,0,0,0,0,0,0,0,1,1,0,0
441,tt0113490,1317,"Journey of August King, The (1995)",22-Mar-96,0,0,0,0,0,0,0,1,0,0,0,0,0,0,0,0,0,0
442,tt0113492,373,Judge Dredd (1995),01-Jan-95,1,1,0,0,0,0,0,0,0,0,0,0,0,0,1,0,0,0
443,tt0113500,1029,Jury Duty (1995),01-Jan-95,0,0,0,0,1,0,0,0,0,0,0,0,0,0,0,0,0,0
444,tt0113501,1042,Just Cause (1995),01-Jan-95,0,0,0,0,0,0,0,0,0,0,0,0,1,0,0,1,0,0
445,tt0113537,695,Kicking and Screaming (1995),01-Jan-95,0,0,0,0,1,0,0,1,0,0,0,0,0,0,0,0,0,0
446,tt0113538,560,"Kid in King Arthur's Court, A (1995)",01-Jan-95,0,1,0,1,1,0,0,0,1,0,0,0,0,1,1,0,0,0
447,tt0113540,772,Kids (1995),01-Jan-95,0,0,0,0,0,0,0,1,0,0,0,0,0,0,0,0,0,0
448,tt0113542,1505,Killer: A Journal of Murder (1995),06-Sep-96,0,0,0,0,0,1,0,1,0,0,0,0,0,0,0,0,0,0
449,tt0113552,1208,Kiss of Death (1995),01-Jan-95,0,0,0,0,0,1,0,1,0,0,0,0,0,0,0,1,0,0
450,tt0113568,1240,Ghost in the Shell (Kokaku kidotai) (1995),12-Apr-96,0,0,1,0,0,0,0,0,0,0,0,0,0,0,1,0,0,0
451,tt0113612,1465,Last Summer in the Hamptons (1995),01-Jan-95,0,0,0,0,1,0,0,1,0,0,0,0,0,0,0,0,0,0
452,tt0113627,276,Leaving Las Vegas (1995),01-Jan-95,0,0,0,0,0,0,0,1,0,0,0,0,0,1,0,0,0,0
453,tt0113670,1063,"Little Princess, A (1995)",01-Jan-95,0,0,0,1,0,0,0,1,0,0,0,0,0,0,0,0,0,0
454,tt0113674,1093,Live Nude Girls (1995),01-Mar-96,0,0,0,0,1,0,0,0,0,0,0,0,0,0,0,0,0,0
455,tt0113677,1070,Living in Oblivion (1995),01-Jan-95,0,0,0,0,1,0,0,0,0,0,0,0,0,0,0,0,0,0
456,tt0113682,839,Loch Ness (1995),01-Jan-95,0,0,0,0,0,0,0,0,0,0,1,0,0,0,0,1,0,0
457,tt0113690,551,Lord of Illusions (1995),01-Jan-95,0,0,0,0,0,0,0,0,0,0,1,0,0,0,0,0,0,0
458,tt0113691,1518,Losing Isaiah (1995),01-Jan-95,0,0,0,0,0,0,0,1,0,0,0,0,0,0,0,0,0,0
459,tt0113695,1343,Lotto Land (1995),01-Jan-95,0,0,0,0,0,0,0,1,0,0,0,0,0,0,0,0,0,0
460,tt0113720,1619,All Things Fair (1996),08-Mar-96,0,0,0,0,0,0,0,1,0,0,0,0,0,0,0,0,0,0
461,tt0113729,36,Mad Love (1995),01-Jan-95,0,0,0,0,0,0,0,1,0,0,0,0,0,1,0,0,0,0
462,tt0113731,1459,Madame Butterfly (1995),20-Sep-96,0,0,0,0,0,0,0,0,0,0,0,1,0,0,0,0,0,0
463,tt0113749,721,Mallrats (1995),01-Jan-95,0,0,0,0,1,0,0,0,0,0,0,0,0,0,0,0,0,0
464,tt0113755,1179,Man of the House (1995),01-Jan-95,0,0,0,0,1,0,0,0,0,0,0,0,0,0,0,0,0,0
465,tt0113756,766,Man of the Year (1995),01-Mar-96,0,0,0,0,0,0,1,0,0,0,0,0,0,0,0,0,0,0
466,tt0113774,1466,Margaret's Museum (1995),01-Jan-95,0,0,0,0,0,0,0,1,0,0,0,0,0,0,0,0,0,0
467,tt0113808,700,Miami Rhapsody (1995),01-Jan-95,0,0,0,0,1,0,0,0,0,0,0,0,0,0,0,0,0,0
468,tt0113819,13,Mighty Aphrodite (1995),30-Oct-95,0,0,0,0,1,0,0,0,0,0,0,0,0,0,0,0,0,0
469,tt0113820,374,Mighty Morphin Power Rangers: The Movie (1995),01-Jan-95,1,0,0,1,0,0,0,0,0,0,0,0,0,0,0,0,0,0
470,tt0113827,1673,Mirage (1995),01-Jan-95,1,0,0,0,0,0,0,0,0,0,0,0,0,0,0,1,0,0
471,tt0113839,1493,"Modern Affair, A (1995)",06-Sep-96,0,0,0,0,0,0,0,0,0,0,0,0,0,1,0,0,0,0
472,tt0113845,540,Money Train (1995),01-Jan-95,1,0,0,0,0,0,0,0,0,0,0,0,0,0,0,0,0,0
473,tt0113851,1441,Moonlight and Valentino (1995),01-Jan-95,0,0,0,0,0,0,0,1,0,0,0,0,0,1,0,0,0,0
474,tt0113855,541,Mortal Kombat (1995),01-Jan-95,1,1,0,0,0,0,0,0,0,0,0,0,0,0,0,0,0,0
475,tt0113862,15,Mr. Holland's Opus (1995),29-Jan-96,0,0,0,0,0,0,0,1,0,0,0,0,0,0,0,0,0,0
476,tt0113870,939,Murder in the First (1995),01-Jan-95,0,0,0,0,0,0,0,1,0,0,0,0,0,0,0,1,0,0
477,tt0113936,1305,National Lampoon's Senior Trip (1995) ???,01-Jan-95,0,0,0,0,1,0,0,0,0,0,0,0,0,0,0,0,0,0
478,tt0113947,1506,Nelly & Monsieur Arnaud (1995),12-Apr-96,0,0,0,0,0,0,0,1,0,0,0,0,0,0,0,0,0,0
479,tt0113952,1319,"Neon Bible, The (1995)",01-Mar-96,0,0,0,0,0,0,0,1,0,0,0,0,0,0,0,0,0,0
480,tt0113957,38,"Net, The (1995)",01-Jan-95,0,0,0,0,0,0,0,0,0,0,0,0,0,0,1,1,0,0
481,tt0113967,1519,New Jersey Drive (1995),01-Jan-95,0,0,0,0,0,1,0,1,0,0,0,0,0,0,0,0,0,0
482,tt0113972,761,Nick of Time (1995),01-Jan-95,1,0,0,0,0,0,0,0,0,0,0,0,0,0,0,1,0,0
483,tt0113973,1629,Nico Icon (1995),01-Jan-95,0,0,0,0,0,0,1,0,0,0,0,0,0,0,0,0,0,0
484,tt0113986,722,Nine Months (1995),01-Jan-95,0,0,0,0,1,0,0,0,0,0,0,0,0,0,0,0,0,0
485,tt0113987,458,Nixon (1995),01-Jan-95,0,0,0,0,0,0,0,1,0,0,0,0,0,0,0,0,0,0
486,tt0114007,1663,Nothing Personal (1995),30-Apr-97,0,0,0,0,0,0,0,1,0,0,0,0,0,0,0,0,1,0
487,tt0114011,1053,Now and Then (1995),01-Jan-95,0,0,0,0,0,0,0,1,0,0,0,0,0,0,0,0,0,0
488,tt0114039,279,Once Upon a Time... When We Were Colored (1995),01-Jan-95,0,0,0,0,0,0,0,1,0,0,0,0,0,0,0,0,0,0
489,tt0114047,1321,Open Season (1996),10-May-96,0,0,0,0,1,0,0,0,0,0,0,0,0,0,0,0,0,0
490,tt0114048,110,Operation Dumbo Drop (1995),01-Jan-95,1,1,0,0,1,0,0,0,0,0,0,0,0,0,0,0,1,0
491,tt0114057,713,Othello (1995),18-Dec-95,0,0,0,0,0,0,0,1,0,0,0,0,0,0,0,0,0,0
492,tt0114069,54,Outbreak (1995),01-Jan-95,1,0,0,0,0,0,0,1,0,0,0,0,0,0,0,1,0,0
493,tt0114093,857,Paris Was a Woman (1995),08-Nov-96,0,0,0,0,0,0,1,0,0,0,0,0,0,0,0,0,0,0
494,tt0114095,1071,Party Girl (1995),01-Jan-95,0,0,0,0,1,0,0,0,0,0,0,0,0,0,0,0,0,0
495,tt0114113,786,"Perez Family, The (1995)",01-Jan-95,0,0,0,0,1,0,0,0,0,0,0,0,0,1,0,0,0,0
496,tt0114122,1574,Pharaoh's Army (1995),01-Jan-95,0,0,0,0,0,0,0,0,0,0,0,0,0,0,0,0,1,0
497,tt0114131,1259,Pie in the Sky (1995) ? 96,09-Feb-96,0,0,0,0,1,0,0,0,0,0,0,0,0,1,0,0,0,0
498,tt0114134,253,"Pillow Book, The (1995)",13-Jun-97,0,0,0,0,0,0,0,1,0,0,0,0,0,1,0,0,0,0
499,tt0114148,542,Pocahontas (1995),01-Jan-95,0,0,1,1,0,0,0,0,0,0,0,1,0,1,0,0,0,0
500,tt0114151,1229,Poison Ivy II (1995),01-Jan-95,0,0,0,0,0,0,0,1,0,0,0,0,0,0,0,1,0,0
501,tt0114168,365,Powder (1995),01-Jan-95,0,0,0,0,0,0,0,1,0,0,0,0,0,0,0,0,0,0
502,tt0114170,830,Power 98 (1995),17-May-96,1,0,0,0,0,0,0,0,0,0,0,0,1,0,0,1,0,0
503,tt0114194,774,"Prophecy, The (1995)",01-Jan-95,0,0,0,0,0,0,0,0,0,0,1,0,0,0,0,0,0,0
504,tt0114210,1072,"Pyromaniac's Love Story, A (1995)",01-Jan-95,0,0,0,0,1,0,0,0,0,0,0,0,0,1,0,0,0,0
505,tt0114214,562,"Quick and the Dead, The (1995)",01-Jan-95,1,1,0,0,0,0,0,0,0,0,0,0,0,0,0,0,0,1
506,tt0114241,1479,Reckless (1995),01-Jan-95,0,0,0,0,1,0,0,0,0,0,0,0,0,0,0,0,0,0
507,tt0114266,1155,"Rendezvous in Paris (Rendez-vous de Paris, Les) (1995)",28-Jun-96,0,0,0,0,1,0,0,0,0,0,0,0,0,1,0,0,0,0
508,tt0114272,277,Restoration (1995),01-Jan-95,0,0,0,0,0,0,0,1,0,0,0,0,0,0,0,0,0,0
509,tt0114279,10,Richard III (1995),22-Jan-96,0,0,0,0,0,0,0,1,0,0,0,0,0,0,0,0,1,0
510,tt0114287,549,Rob Roy (1995),01-Jan-95,0,0,0,0,0,0,0,1,0,0,0,0,0,1,0,0,1,0
511,tt0114296,787,Roommates (1995),01-Jan-95,0,0,0,0,1,0,0,1,0,0,0,0,0,0,0,0,0,0
512,tt0114303,1662,Rough Magic (1995),30-May-97,0,0,0,0,0,0,0,1,0,0,0,0,0,1,0,0,0,0
513,tt0114307,1261,"Run of the Country, The (1995)",01-Jan-95,0,0,0,0,0,0,0,1,0,0,0,0,0,0,0,0,0,0
514,tt0114319,274,Sabrina (1995),01-Jan-95,0,0,0,0,1,0,0,0,0,0,0,0,0,1,0,0,0,0
515,tt0114323,1131,Safe (1995),01-Jan-95,0,0,0,0,0,0,0,0,0,0,0,0,0,0,0,1,0,0
516,tt0114345,1442,"Scarlet Letter, The (1995)",01-Jan-95,0,0,0,0,0,0,0,1,0,0,0,0,0,0,0,0,0,0
517,tt0114367,760,Screamers (1995),01-Jan-95,0,0,0,0,0,0,0,0,0,0,0,0,0,0,1,0,0,0
518,tt0114369,11,Seven (Se7en) (1995),01-Jan-95,0,0,0,0,0,1,0,0,0,0,0,0,0,0,0,1,0,0
519,tt0114388,275,Sense and Sensibility (1995),01-Jan-95,0,0,0,0,0,0,0,1,0,0,0,0,0,1,0,0,0,0
520,tt0114435,1547,"Show, The (1995)",01-Jan-95,0,0,0,0,0,0,1,0,0,0,0,0,0,0,0,0,0,0
521,tt0114436,375,Showgirls (1995),01-Jan-95,0,0,0,0,0,0,0,1,0,0,0,0,0,0,0,0,0,0
522,tt0114472,1460,Sleepover (1995),25-Oct-96,0,0,0,0,1,0,0,1,0,0,0,0,0,0,0,0,0,0
523,tt0114474,1660,Small Faces (1995) ? 96,09-Aug-96,0,0,0,0,0,0,0,1,0,0,0,0,0,0,0,0,0,0
524,tt0114478,461,Smoke (1995),01-Jan-95,0,0,0,0,0,0,0,1,0,0,0,0,0,0,0,0,0,0
525,tt0114496,775,Something to Talk About (1995),01-Jan-95,0,0,0,0,1,0,0,1,0,0,0,0,0,1,0,0,0,0
526,tt0114508,552,Species (1995),01-Jan-95,0,0,0,0,0,0,0,0,0,0,0,0,0,0,1,0,0,0
527,tt0114534,1464,"Stars Fell on Henrietta, The (1995)",01-Jan-95,0,0,0,0,0,0,0,1,0,0,0,0,0,0,0,0,0,0
528,tt0114536,1435,"Steal Big, Steal Little (1995)",01-Jan-95,0,0,0,0,1,0,0,0,0,0,0,0,0,0,0,0,0,0
529,tt0114550,1396,Stonewall (1995),26-Jul-96,0,0,0,0,0,0,0,1,0,0,0,0,0,0,0,0,0,0
530,tt0114558,39,Strange Days (1995),01-Jan-95,1,0,0,0,0,1,0,0,0,0,0,0,0,0,1,0,0,0
531,tt0114571,997,Stuart Saves His Family (1995),01-Jan-95,0,0,0,0,1,0,0,0,0,0,0,0,0,0,0,0,0,0
532,tt0114576,363,Sudden Death (1995),01-Jan-95,1,0,0,0,0,0,0,0,0,0,0,0,0,0,0,0,0,0
533,tt0114592,1677,Sweet Nothing (1995),20-Sep-96,0,0,0,0,0,0,0,1,0,0,0,0,0,0,0,0,0,0
534,tt0114608,379,Tales From the Crypt Presents: Demon Knight (1995),01-Jan-95,0,0,0,0,0,0,0,0,0,0,1,0,0,0,0,0,0,0
535,tt0114609,564,Tales from the Hood (1995),01-Jan-95,0,0,0,0,1,0,0,0,0,0,1,0,0,0,0,0,0,0
536,tt0114614,1110,Tank Girl (1995),01-Jan-95,1,0,0,0,1,0,0,0,0,0,0,1,0,0,1,0,0,0
537,tt0114618,1657,Target (1995),28-Feb-96,1,0,0,0,0,0,0,1,0,0,0,0,0,0,0,0,0,0
538,tt0114658,104,Theodore Rex (1995),29-Mar-96,0,0,0,0,1,0,0,0,0,0,0,0,0,0,0,0,0,0
539,tt0114660,544,Things to Do in Denver when You're Dead (1995),02-Feb-96,0,0,0,0,0,1,0,1,0,0,0,0,0,1,0,0,0,0
540,tt0114663,776,Three Wishes (1995),01-Jan-95,0,0,0,0,0,0,0,1,0,0,0,0,0,0,0,0,0,0
541,tt0114666,1253,"Tie That Binds, The (1995)",01-Jan-95,0,0,0,0,0,0,0,0,0,0,0,0,0,0,0,1,0,0
542,tt0114671,1632,Land and Freedom (Tierra y libertad) (1995),29-Mar-96,0,0,0,0,0,0,0,0,0,0,0,0,0,0,0,0,1,0
543,tt0114681,715,To Die For (1995),01-Jan-95,0,0,0,0,1,0,0,1,0,0,0,0,0,0,0,0,0,0
544,tt0114682,40,"To Wong Foo, Thanks for Everything! Julie Newmar (1995)",01-Jan-95,0,0,0,0,1,0,0,0,0,0,0,0,0,0,0,0,0,0
545,tt0114690,1613,Tokyo Fist (1995),11-Feb-98,1,0,0,0,0,0,0,1,0,0,0,0,0,0,0,0,0,0
546,tt0114694,790,Tommy Boy (1995),01-Jan-95,0,0,0,0,1,0,0,0,0,0,0,0,0,0,0,0,0,0
547,tt0114702,1260,Total Eclipse (1995),01-Jan-95,0,0,0,0,0,0,0,1,0,0,0,0,0,0,0,0,0,0
548,tt0114709,1,Toy Story (1995),01-Jan-95,0,0,1,1,1,0,0,0,0,0,0,0,0,0,0,0,0,0
549,tt0114746,7,Twelve Monkeys (1995),01-Jan-95,0,0,0,0,0,0,0,1,0,0,0,0,0,0,1,0,0,0
550,tt0114753,920,Two Bits (1995),01-Jan-95,0,0,0,0,0,0,0,1,0,0,0,0,0,0,0,0,0,0
551,tt0114781,1228,Under Siege 2: Dark Territory (1995),01-Jan-95,1,0,0,0,0,0,0,0,0,0,0,0,0,0,0,0,0,0
552,tt0114787,1529,Underground (1995),29-Mar-96,0,0,0,0,0,0,0,0,0,0,0,0,0,0,0,0,1,0
553,tt0114788,1553,"Underneath, The (1995)",01-Jan-95,0,0,0,0,0,0,0,0,0,0,0,0,1,0,0,1,0,0
554,tt0114798,953,Unstrung Heroes (1995),01-Jan-95,0,0,0,0,1,0,0,1,0,0,0,0,0,0,0,0,0,0
555,tt0114805,954,Unzipped (1995),01-Jan-95,0,0,0,0,0,0,1,0,0,0,0,0,0,0,0,0,0,0
556,tt0114808,1068,"Star Maker, The (Uomo delle stelle, L') (1995)",01-Mar-96,0,0,0,0,0,0,0,1,0,0,0,0,0,0,0,0,0,0
557,tt0114814,12,"Usual Suspects, The (1995)",14-Aug-95,0,0,0,0,0,1,0,0,0,0,0,0,0,0,0,1,0,0
558,tt0114825,545,Vampire in Brooklyn (1995),01-Jan-95,0,0,0,0,1,0,0,0,0,0,0,0,0,1,0,0,0,0
559,tt0114852,565,Village of the Damned (1995),01-Jan-95,0,0,0,0,0,0,0,0,0,0,1,0,0,0,0,1,0,0
560,tt0114857,1210,Virtuosity (1995),01-Jan-95,0,0,0,0,0,0,0,0,0,0,0,0,0,0,1,1,0,0
561,tt0114885,1311,Waiting to Exhale (1995),15-Jan-96,0,0,0,0,1,0,0,1,0,0,0,0,0,0,0,0,0,0
562,tt0114887,553,"Walk in the Clouds, A (1995)",01-Jan-95,0,0,0,0,0,0,0,1,0,0,0,0,0,1,0,0,0,0
563,tt0114888,1423,"Walking Dead, The (1995)",01-Jan-95,0,0,0,0,0,0,0,1,0,0,0,0,0,0,0,0,1,0
564,tt0114898,554,Waterworld (1995),01-Jan-95,1,1,0,0,0,0,0,0,0,0,0,0,0,0,0,0,0,0
565,tt0114906,93,Welcome to the Dollhouse (1995),24-May-96,0,0,0,0,1,0,0,1,0,0,0,0,0,0,0,0,0,0
566,tt0114916,1406,When Night Is Falling (1995),01-Jan-95,0,0,0,0,0,0,0,1,0,0,0,0,0,1,0,0,0,0
567,tt0114924,66,While You Were Sleeping (1995),01-Jan-95,0,0,0,0,1,0,0,0,0,0,0,0,0,1,0,0,0,0
568,tt0114928,555,White Man's Burden (1995),01-Jan-95,0,0,0,0,0,0,0,1,0,0,0,0,0,0,0,0,0,0
569,tt0114936,1627,"Wife, The (1995)",26-Jul-96,0,0,0,0,1,0,0,1,0,0,0,0,0,0,0,0,0,0
570,tt0114938,556,Wild Bill (1995),01-Jan-95,0,0,0,0,0,0,0,0,0,0,0,0,0,0,0,0,0,1
571,tt0114952,1515,Wings of Courage (1995),01-Jan-95,0,1,0,0,0,0,0,0,0,0,0,0,0,1,0,0,0,0
572,tt0115012,6,Shanghai Triad (Yao a yao yao dao waipo qiao) (1995),01-Jan-95,0,0,0,0,0,0,0,1,0,0,0,0,0,0,0,0,0,0
573,tt0115033,547,"Young Poisoner's Handbook, The (1995)",23-Feb-96,0,0,0,0,0,1,0,0,0,0,0,0,0,0,0,0,0,0
574,tt0115433,225,101 Dalmatians (1996),27-Nov-96,0,0,0,1,1,0,0,0,0,0,0,0,0,0,0,0,0,0
575,tt0115438,1011,2 Days in the Valley (1996),27-Sep-96,0,0,0,0,0,1,0,0,0,0,0,0,0,0,0,0,0,0
576,tt0115472,1060,"Adventures of Pinocchio, The (1996)",26-Jul-96,0,1,0,1,0,0,0,0,0,0,0,0,0,0,0,0,0,0
577,tt0115493,828,Alaska (1996),21-Aug-96,0,1,0,1,0,0,0,0,0,0,0,0,0,0,0,0,0,0
578,tt0115495,1083,Albino Alligator (1996),17-Jan-97,0,0,0,0,0,1,0,0,0,0,0,0,0,0,0,1,0,0
579,tt0115509,103,All Dogs Go to Heaven 2 (1996),29-Mar-96,0,0,1,1,0,0,0,0,0,0,0,1,0,0,0,0,0,0
580,tt0115530,1335,American Buffalo (1996),13-Sep-96,0,0,0,0,0,0,0,1,0,0,0,0,0,0,0,0,0,0
581,tt0115531,1362,American Strays (1996),13-Sep-96,1,0,0,0,0,0,0,0,0,0,0,0,0,0,0,0,0,0
582,tt0115571,825,"Arrival, The (1996)",31-May-96,1,0,0,0,0,0,0,0,0,0,0,0,0,0,1,1,0,0
583,tt0115580,1051,"Associate, The (1996)",19-Oct-96,0,0,0,0,1,0,0,0,0,0,0,0,0,0,0,0,0,0
584,tt0115591,1325,August (1996),12-Apr-96,0,0,0,0,0,0,0,1,0,0,0,0,0,0,0,0,0,0
585,tt0115600,1639,Bitter Sugar (Azucar Amargo) (1996),22-Nov-96,0,0,0,0,0,0,0,1,0,0,0,0,0,0,0,0,0,0
586,tt0115610,706,Bad Moon (1996),01-Nov-96,0,0,0,0,0,0,0,0,0,0,1,0,0,0,0,0,0,0
587,tt0115624,1215,Barb Wire (1996),03-May-96,1,0,0,0,0,0,0,0,0,0,0,0,0,0,1,0,0,0
588,tt0115632,1010,Basquiat (1996),16-Aug-96,0,0,0,0,0,0,0,1,0,0,0,0,0,0,0,0,0,0
589,tt0115633,454,Bastard Out of Carolina (1996),15-Dec-96,0,0,0,0,0,0,0,1,0,0,0,0,0,0,0,0,0,0
590,tt0115639,762,Beautiful Girls (1996),09-Feb-96,0,0,0,0,0,0,0,1,0,0,0,0,0,0,0,0,0,0
591,tt0115640,1137,Beautiful Thing (1996),09-Oct-96,0,0,0,0,0,0,0,1,0,0,0,0,0,1,0,0,0,0
592,tt0115641,240,Beavis and Butt-head Do America (1996),20-Dec-96,0,0,1,0,1,0,0,0,0,0,0,0,0,0,0,0,0,0
593,tt0115644,278,Bed of Roses (1996),01-Jan-96,0,0,0,0,0,0,0,1,0,0,0,0,0,1,0,0,0,0
594,tt0115645,1284,Before and After (1996),23-Feb-96,0,0,0,0,0,0,0,1,0,0,0,0,1,0,0,0,0,0
595,tt0115676,1165,Big Bully (1996),01-Jan-96,0,0,0,0,1,0,0,1,0,0,0,0,0,0,0,0,0,0
596,tt0115678,137,Big Night (1996),20-Sep-96,0,0,0,0,0,0,0,1,0,0,0,0,0,0,0,0,0,0
597,tt0115680,598,"Big Squeeze, The (1996)",06-Sep-96,0,0,0,0,1,0,0,1,0,0,0,0,0,0,0,0,0,0
598,tt0115683,368,Bio-Dome (1996),01-Jan-96,0,0,0,0,1,0,0,0,0,0,0,0,0,0,0,0,0,0
599,tt0115684,1364,Bird of Prey (1996),04-Oct-96,1,0,0,0,0,0,0,0,0,0,0,0,0,0,0,0,0,0
600,tt0115685,25,"Birdcage, The (1996)",08-Mar-96,0,0,0,0,1,0,0,0,0,0,0,0,0,0,0,0,0,0
601,tt0115697,369,Black Sheep (1996),02-Feb-96,0,0,0,0,1,0,0,0,0,0,0,0,0,0,0,0,0,0
602,tt0115710,985,Blood & Wine (1997),15-Nov-96,0,0,0,0,0,0,0,1,0,0,0,0,0,0,0,0,0,0
603,tt0115715,852,"Bloody Child, The (1996)",26-Oct-96,0,0,0,0,0,0,0,1,0,0,0,0,0,0,0,1,0,0
604,tt0115725,832,Bogus (1996),06-Sep-96,0,0,0,1,0,0,0,1,1,0,0,0,0,0,0,0,0,0
605,tt0115734,1067,Bottle Rocket (1996),21-Feb-96,0,0,0,0,1,0,0,0,0,0,0,0,0,0,0,0,0,0
606,tt0115736,129,Bound (1996),04-Oct-96,0,0,0,0,0,1,0,1,0,0,0,0,0,1,0,1,0,0
607,tt0115742,1326,Boys (1996),10-May-96,0,0,0,0,0,0,0,1,0,0,0,0,0,0,0,0,0,0
608,tt0115744,936,Brassed Off (1996),13-Jun-97,0,0,0,0,1,0,0,1,0,0,0,0,0,1,0,0,0,0
609,tt0115751,221,Breaking the Waves (1996),15-Nov-96,0,0,0,0,0,0,0,1,0,0,0,0,0,0,0,0,0,0
610,tt0115759,546,Broken Arrow (1996),09-Feb-96,1,0,0,0,0,0,0,0,0,0,0,0,0,0,0,1,0,0
611,tt0115760,1255,Broken English (1996),02-May-97,0,0,0,0,0,0,0,1,0,0,0,0,0,0,0,0,0,0
612,tt0115783,833,Bulletproof (1996),06-Sep-96,1,0,0,0,0,0,0,0,0,0,0,0,0,0,0,0,0,0
613,tt0115798,122,"Cable Guy, The (1996)",14-Jun-96,0,0,0,0,1,0,0,0,0,0,0,0,0,0,0,0,0,0
614,tt0115836,1496,Carpool (1996),23-Aug-96,0,0,0,0,1,1,0,0,0,0,0,0,0,0,0,0,0,0
615,tt0115837,1085,Carried Away (1996),29-Mar-96,0,0,0,0,0,0,0,1,0,0,0,0,0,1,0,0,0,0
616,tt0115847,1174,Caught (1996),27-Sep-96,0,0,0,0,0,0,0,1,0,0,0,0,0,0,0,1,0,0
617,tt0115851,1291,Celtic Pride (1996),19-Apr-96,0,0,0,0,1,0,0,0,0,0,0,0,0,0,0,0,0,0
618,tt0115856,256,When the Cats Away (Chacun cherche son chat) (1996),20-Jun-97,0,0,0,0,1,0,0,0,0,0,0,0,0,1,0,0,0,0
619,tt0115857,930,Chain Reaction (1996),31-Jul-96,1,1,0,0,0,0,0,0,0,0,0,0,0,0,0,1,0,0
620,tt0115862,620,"Chamber, The (1996)",11-Oct-96,0,0,0,0,0,0,0,1,0,0,0,0,0,0,0,0,0,0
621,tt0115886,1511,Children of the Revolution (1996),01-May-97,0,0,0,0,1,0,0,0,0,0,0,0,0,0,0,0,0,0
622,tt0115906,236,Citizen Ruth (1996),13-Dec-96,0,0,0,0,1,0,0,1,0,0,0,0,0,0,0,0,0,0
623,tt0115907,696,City Hall (1996),16-Feb-96,0,0,0,0,0,0,0,1,0,0,0,0,0,0,0,1,0,0
624,tt0115951,1537,Cosi (1996),11-Apr-97,0,0,0,0,1,0,0,0,0,0,0,0,0,0,0,0,0,0
625,tt0115956,471,Courage Under Fire (1996),08-Mar-96,0,0,0,0,0,0,0,1,0,0,0,0,0,0,0,0,1,0
626,tt0115963,928,"Craft, The (1996)",26-Apr-96,0,0,0,0,0,0,0,1,0,0,1,0,0,0,0,0,0,0
627,tt0115964,325,Crash (1996),21-Mar-97,0,0,0,0,0,0,0,1,0,0,0,0,0,0,0,1,0,0
628,tt0115986,743,"Crow: City of Angels, The (1996)",30-Aug-96,1,0,0,0,0,0,0,0,0,0,0,0,0,0,0,1,0,0
629,tt0115988,676,"Crucible, The (1996)",27-Nov-96,0,0,0,0,0,0,0,1,0,0,0,0,0,0,0,0,0,0
630,tt0115994,1081,Curdled (1996),27-Sep-96,0,0,0,0,0,1,0,0,0,0,0,0,0,0,0,0,0,0
631,tt0116000,138,D3: The Mighty Ducks (1996),04-Oct-96,0,0,0,1,1,0,0,0,0,0,0,0,0,0,0,0,0,0
632,tt0116040,827,Daylight (1996),06-Dec-96,1,1,0,0,0,0,0,0,0,0,0,0,0,0,0,1,0,0
633,tt0116041,533,"Daytrippers, The (1996)",21-Mar-97,0,0,0,0,0,0,0,0,0,0,0,0,1,0,0,0,0,0
634,tt0116059,1092,Dear God (1996),01-Nov-96,0,0,0,0,1,0,0,0,0,0,0,0,0,0,0,0,0,0
635,tt0116095,106,Diabolique (1996),01-Jan-96,0,0,0,0,0,0,0,1,0,0,0,0,0,0,0,1,0,0
636,tt0116126,1059,Don't Be a Menace to South Central While Drinking Your Juice in the Hood (1996),01-Jan-96,0,0,0,0,1,0,0,0,0,0,0,0,0,0,0,0,0,0
637,tt0116130,926,Down Periscope (1996),01-Mar-96,0,0,0,0,1,0,0,0,0,0,0,0,0,0,0,0,0,0
638,tt0116136,472,Dragonheart (1996),31-May-96,1,1,0,0,0,0,0,0,1,0,0,0,0,0,0,0,0,0
639,tt0116151,1177,Dunston Checks In (1996),01-Jan-96,0,0,0,0,1,0,0,0,0,0,0,0,0,0,0,0,0,0
640,tt0116165,1287,Ed (1996),08-Mar-96,0,0,0,0,1,0,0,0,0,0,0,0,0,0,0,0,0,0
641,tt0116167,1356,Ed's Next Move (1996),04-Oct-96,0,0,0,0,1,0,0,0,0,0,0,0,0,0,0,0,0,0
642,tt0116168,819,Eddie (1996),31-May-96,0,0,0,0,1,0,0,0,0,0,0,0,0,0,0,0,0,0
643,tt0116191,283,Emma (1996),02-Aug-96,0,0,0,0,0,0,0,1,0,0,0,0,0,1,0,0,0,0
644,tt0116209,286,"English Patient, The (1996)",15-Nov-96,0,0,0,0,0,0,0,1,0,0,0,0,0,1,0,0,1,0
645,tt0116212,1653,Entertaining Angels: The Dorothy Day Story (1996),27-Sep-96,0,0,0,0,0,0,0,1,0,0,0,0,0,0,0,0,0,0
646,tt0116213,597,Eraser (1996),21-Jun-96,1,0,0,0,0,0,0,0,0,0,0,0,0,0,0,1,0,0
647,tt0116225,831,Escape from L.A. (1996),09-Aug-96,1,1,0,0,0,0,0,0,0,0,0,0,0,0,1,1,0,0
648,tt0116240,1061,"Evening Star, The (1996)",25-Dec-96,0,0,0,0,1,0,0,1,0,0,0,0,0,0,0,0,0,0
649,tt0116242,319,Everyone Says I Love You (1996),06-Dec-96,0,0,0,0,1,0,0,0,0,0,0,1,0,1,0,0,0,0
650,tt0116250,289,Evita (1996),25-Dec-96,0,0,0,0,0,0,0,1,0,0,0,1,0,0,0,0,0,0
651,tt0116253,685,Executive Decision (1996),09-Mar-96,1,0,0,0,0,0,0,0,0,0,0,0,0,0,0,1,0,0
652,tt0116259,619,Extreme Measures (1996),27-Sep-96,0,0,0,0,0,0,0,1,0,0,0,0,0,0,0,1,0,0
653,tt0116260,974,Eye for an Eye (1996),01-Jan-96,0,0,0,0,0,0,0,1,0,0,0,0,0,0,0,1,0,0
654,tt0116269,1114,Faithful (1996),03-Apr-96,0,0,0,0,1,0,0,0,0,0,0,0,0,0,0,0,0,0
655,tt0116275,1197,"Family Thing, A (1996)",23-Mar-96,0,0,0,0,1,0,0,1,0,0,0,0,0,0,0,0,0,0
656,tt0116277,595,"Fan, The (1996)",16-Aug-96,0,0,0,0,0,0,0,0,0,0,0,0,0,0,0,1,0,0
657,tt0116282,100,Fargo (1996),14-Feb-97,0,0,0,0,0,1,0,1,0,0,0,0,0,0,0,1,0,0
658,tt0116287,975,Fear (1996),12-Apr-96,0,0,0,0,0,0,0,0,0,0,0,0,0,0,0,1,0,0
659,tt0116289,1132,Feeling Minnesota (1996),13-Sep-96,0,0,0,0,0,0,0,1,0,0,0,0,0,1,0,0,0,0
660,tt0116293,1082,Female Perversions (1996),25-Apr-97,0,0,0,0,0,0,0,1,0,0,0,0,0,0,0,0,0,0
661,tt0116295,1652,Temptress Moon (Feng Yue) (1996),13-Jun-97,0,0,0,0,0,0,0,0,0,0,0,0,0,1,0,0,0,0
662,tt0116310,677,Fire on the Mountain (1996),24-Jan-97,0,0,0,0,0,0,1,0,0,0,0,0,0,0,0,0,0,0
663,tt0116311,932,First Kid (1996),30-Aug-96,0,0,0,1,1,0,0,0,0,0,0,0,0,0,0,0,0,0
664,tt0116313,476,"First Wives Club, The (1996)",14-Sep-96,0,0,0,0,1,0,0,0,0,0,0,0,0,0,0,0,0,0
665,tt0116320,829,Fled (1996),19-Jul-96,1,1,0,0,0,0,0,0,0,0,0,0,0,0,0,0,0,0
666,tt0116322,112,Flipper (1996),10-May-96,0,1,0,1,0,0,0,0,0,0,0,0,0,0,0,0,0,0
667,tt0116324,1098,Flirting With Disaster (1996),22-Mar-96,0,0,0,0,1,0,0,0,0,0,0,0,0,0,0,0,0,0
668,tt0116329,304,Fly Away Home (1996),13-Sep-96,0,1,0,1,0,0,0,0,0,0,0,0,0,0,0,0,0,0
669,tt0116334,1391,For Ever Mozart (1996),04-Jul-97,0,0,0,0,0,0,0,1,0,0,0,0,0,0,0,0,0,0
670,tt0116353,1263,Foxfire (1996),23-Aug-96,0,0,0,0,0,0,0,1,0,0,0,0,0,0,0,0,0,0
671,tt0116361,844,Freeway (1996),23-Aug-96,0,0,0,0,0,1,0,0,0,0,0,0,0,0,0,0,0,0
672,tt0116365,123,"Frighteners, The (1996)",19-Jul-96,0,0,0,0,1,0,0,0,0,0,1,0,0,0,0,0,0,0
673,tt0116367,17,From Dusk Till Dawn (1996),05-Feb-96,1,0,0,0,1,1,0,0,0,0,1,0,0,0,0,1,0,0
674,tt0116378,933,"Funeral, The (1996)",25-Oct-96,0,0,0,0,0,0,0,1,0,0,0,0,0,0,0,0,0,0
675,tt0116404,1134,Get on the Bus (1996),16-Oct-96,0,0,0,0,0,0,0,1,0,0,0,0,0,0,0,0,0,0
676,tt0116405,1659,Getting Away With Murder (1996),12-Apr-96,0,0,0,0,1,0,0,0,0,0,0,0,0,0,0,0,0,0
677,tt0116409,148,"Ghost and the Darkness, The (1996)",11-Oct-96,1,1,0,0,0,0,0,0,0,0,0,0,0,0,0,0,0,0
678,tt0116410,1136,Ghosts of Mississippi (1996),20-Dec-96,0,0,0,0,0,0,0,1,0,0,0,0,0,0,0,0,0,0
679,tt0116414,818,Girl 6 (1996),22-Mar-96,0,0,0,0,1,0,0,0,0,0,0,0,0,0,0,0,0,0
680,tt0116418,1637,Girls Town (1996),23-Aug-96,0,0,0,0,0,0,0,1,0,0,0,0,0,0,0,0,0,0
681,tt0116421,841,"Glimmer Man, The (1996)",04-Oct-96,1,0,0,0,0,0,0,0,0,0,0,0,0,0,0,1,0,0
682,tt0116442,1426,Grace of My Heart (1996),13-Sep-96,0,0,0,0,1,0,0,1,0,0,0,0,0,0,0,0,0,0
683,tt0116448,824,"Great White Hype, The (1996)",03-May-96,0,0,0,0,1,0,0,0,0,0,0,0,0,0,0,0,0,0
684,tt0116477,1039,Hamlet (1996),24-Jan-97,0,0,0,0,0,0,0,1,0,0,0,0,0,0,0,0,0,0
685,tt0116483,763,Happy Gilmore (1996),16-Feb-96,0,0,0,0,1,0,0,0,0,0,0,0,0,0,0,0,0,0
686,tt0116493,929,Harriet the Spy (1996),03-Jul-96,0,0,0,1,1,0,0,0,0,0,0,0,0,0,0,0,0,0
687,tt0116502,992,Head Above Water (1996),20-Jun-97,0,0,0,0,1,0,0,0,0,0,0,0,0,0,0,1,0,0
688,tt0116506,868,Hearts and Minds (1996),10-Jan-97,0,0,0,0,0,0,0,1,0,0,0,0,0,0,0,0,0,0
689,tt0116508,978,Heaven's Prisoners (1996),10-May-96,0,0,0,0,0,0,0,0,0,0,0,0,1,0,0,1,0,0
690,tt0116514,590,Hellraiser: Bloodline (1996),08-Mar-96,1,0,0,0,0,0,0,0,0,0,1,0,0,0,1,0,0,0
691,tt0116531,1095,High School High (1996),25-Oct-96,0,0,0,0,1,0,0,0,0,0,0,0,0,0,0,0,0,0
692,tt0116552,1033,Homeward Bound II: Lost in San Francisco (1996),08-Mar-96,0,1,0,1,0,0,0,0,0,0,0,0,0,0,0,0,0,0
693,tt0116565,1377,Hotel de Love (1996),07-Feb-97,0,0,0,0,1,0,0,0,0,0,0,0,0,1,0,0,0,0
694,tt0116571,1049,House Arrest (1996),02-Aug-96,0,0,0,0,1,0,0,0,0,0,0,0,0,0,0,0,0,0
695,tt0116581,1640,"Eighth Day, The (1996)",01-Nov-96,0,0,0,0,0,0,0,1,0,0,0,0,0,0,0,0,0,0
696,tt0116583,596,"Hunchback of Notre Dame, The (1996)",21-Jun-96,0,0,1,1,0,0,0,0,0,0,0,1,0,0,0,0,0,0
697,tt0116594,1008,I Shot Andy Warhol (1996),01-May-96,0,0,0,0,0,0,0,1,0,0,0,0,0,0,0,0,0,0
698,tt0116601,1120,I'm Not Rappaport (1996),13-Nov-96,0,0,0,0,1,0,0,0,0,0,0,0,0,0,0,0,0,0
699,tt0116606,764,If Lucy Fell (1996),08-Mar-96,0,0,0,0,1,0,0,0,0,0,0,0,0,1,0,0,0,0
700,tt0116621,1152,In Love and War (1996),24-Jan-97,0,0,0,0,0,0,0,0,0,0,0,0,0,1,0,0,1,0
701,tt0116629,121,Independence Day (ID4) (1996),03-Jul-96,1,0,0,0,0,0,0,0,0,0,0,0,0,0,1,0,1,0
702,tt0116635,1355,Infinity (1996),04-Oct-96,0,0,0,0,0,0,0,1,0,0,0,0,0,0,0,0,0,0
703,tt0116643,1611,Intimate Relations (1996),09-May-97,0,0,0,0,1,0,0,0,0,0,0,0,0,0,0,0,0,0
704,tt0116654,931,"Island of Dr. Moreau, The (1996)",23-Aug-96,0,0,0,0,0,0,0,0,0,0,0,0,0,0,1,1,0,0
705,tt0116669,409,Jack (1996),07-Aug-96,0,0,0,0,1,0,0,1,0,0,0,0,0,0,0,0,0,0
706,tt0116683,473,James and the Giant Peach (1996),12-Apr-96,0,0,1,1,0,0,0,0,0,0,0,1,0,0,0,0,0,0
707,tt0116684,740,Jane Eyre (1996),05-Apr-96,0,0,0,0,0,0,0,1,0,0,0,0,0,1,0,0,0,0
708,tt0116695,237,Jerry Maguire (1996),13-Dec-96,0,0,0,0,0,0,0,1,0,0,0,0,0,1,0,0,0,0
709,tt0116705,862,Jingle All the Way (1996),22-Nov-96,0,1,0,1,1,0,0,0,0,0,0,0,0,0,0,0,0,0
710,tt0116707,1079,Joe's Apartment (1996),26-Jul-96,0,0,0,0,1,0,0,0,0,0,0,1,0,0,0,0,0,0
711,tt0116714,1543,Johns (1996),18-Oct-96,0,0,0,0,0,0,0,1,0,0,0,0,0,0,0,0,0,0
712,tt0116722,149,Jude (1996),01-Nov-96,0,0,0,0,0,0,0,1,0,0,0,0,0,0,0,0,0,0
713,tt0116731,717,"Juror, The (1996)",01-Jan-96,0,0,0,0,0,0,0,1,0,0,0,0,0,0,0,1,0,0
714,tt0116743,532,Kama Sutra: A Tale of Love (1996),07-Mar-97,0,0,0,0,0,0,0,0,0,0,0,0,0,1,0,0,0,0
715,tt0116745,130,Kansas City (1996),16-Aug-96,0,0,0,0,0,1,0,0,0,0,0,0,0,0,0,0,0,0
716,tt0116754,1501,Prisoner of the Mountains (Kavkazsky Plennik) (1996),31-Jan-97,0,0,0,0,0,0,0,0,0,0,0,0,0,0,0,0,1,0
717,tt0116756,1336,Kazaam (1996),17-Jul-96,0,0,0,1,1,0,0,0,1,0,0,0,0,0,0,0,0,0
718,tt0116768,108,Kids in the Hall: Brain Candy (1996),12-Apr-96,0,0,0,0,1,0,0,0,0,0,0,0,0,0,0,0,0,0
719,tt0116778,410,Kingpin (1996),12-Jul-96,0,0,0,0,1,0,0,0,0,0,0,0,0,0,0,0,0,0
720,tt0116783,1216,Kissed (1996),18-Apr-97,0,0,0,0,0,0,0,0,0,0,0,0,0,1,0,0,0,0
721,tt0116790,242,Kolya (1996),24-Jan-97,0,0,0,0,1,0,0,0,0,0,0,0,0,0,0,0,0,0
722,tt0116823,1337,Larger Than Life (1996),01-Nov-96,0,0,0,0,1,0,0,0,0,0,0,0,0,0,0,0,0,0
723,tt0116830,840,Last Man Standing (1996),20-Sep-96,1,0,0,0,0,0,0,1,0,0,0,0,0,0,0,0,0,1
724,tt0116834,1302,Late Bloomers (1996),06-Jun-97,0,0,0,0,1,0,0,0,0,0,0,0,0,0,0,0,0,0
725,tt0116839,758,Lawnmower Man 2: Beyond Cyberspace (1996),01-Jan-96,0,0,0,0,0,0,0,0,0,0,0,0,0,0,1,1,0,0
726,tt0116845,1612,"Leading Man, The (1996)",16-Jan-98,0,0,0,0,0,0,0,0,0,0,0,0,0,1,0,0,0,0
727,tt0116859,1363,"Leopard Son, The (1996)",27-Sep-96,0,0,0,0,0,0,1,0,0,0,0,0,0,0,0,0,0,0
728,tt0116886,1497,"Line King: Al Hirschfeld, The (1996)",11-Oct-96,0,0,0,0,0,0,1,0,0,0,0,0,0,0,0,0,0,0
729,tt0116905,124,Lone Star (1996),21-Jun-96,0,0,0,0,0,0,0,1,0,0,0,0,1,0,0,0,0,0
730,tt0116908,147,"Long Kiss Goodnight, The (1996)",05-Oct-96,1,0,0,0,0,0,0,0,0,0,0,0,0,0,0,1,0,0
731,tt0116913,847,Looking for Richard (1996),11-Oct-96,0,0,0,0,0,0,1,1,0,0,0,0,0,0,0,0,0,0
732,tt0116928,1457,Love Is All There Is (1996),11-Oct-96,0,0,0,0,1,0,0,1,0,0,0,0,0,0,0,0,0,0
733,tt0116930,1605,Love Serenade (1996),11-Jul-97,0,0,0,0,1,0,0,0,0,0,0,0,0,0,0,0,0,0
734,tt0116931,1379,Love and Other Catastrophes (1996),28-Mar-97,0,0,0,0,0,0,0,0,0,0,0,0,0,1,0,0,0,0
735,tt0116934,1351,Lover's Knot (1996),12-Jul-96,0,0,0,0,1,0,0,0,0,0,0,0,0,0,0,0,0,0
736,tt0116949,1669,MURDER and murder (1996),20-Jun-97,0,0,0,0,0,1,0,1,0,0,0,0,1,0,0,0,0,0
737,tt0116953,1510,Mad Dog Time (1996),08-Nov-96,0,0,0,0,0,1,0,0,0,0,0,0,0,0,0,0,0,0
738,tt0116985,1281,Manny & Lo (1996),26-Jul-96,0,0,0,0,0,0,0,1,0,0,0,0,0,0,0,0,0,0
739,tt0116996,235,Mars Attacks! (1996),13-Dec-96,1,0,0,0,1,0,0,0,0,0,0,0,0,0,1,0,1,0
740,tt0116999,287,Marvin's Room (1996),18-Dec-96,0,0,0,0,0,0,0,1,0,0,0,0,0,0,0,0,0,0
741,tt0117002,370,Mary Reilly (1996),23-Feb-96,0,0,0,0,0,0,0,1,0,0,0,0,0,0,0,1,0,0
742,tt0117008,477,Matilda (1996),02-Aug-96,0,0,0,1,1,0,0,0,0,0,0,0,0,0,0,0,0,0
743,tt0117011,982,Maximum Risk (1996),13-Sep-96,1,1,0,0,0,0,0,0,0,0,0,0,0,0,0,1,0,0
744,tt0117038,866,Michael (1996),25-Dec-96,0,0,0,0,1,0,0,0,0,0,0,0,0,1,0,0,0,0
745,tt0117039,744,Michael Collins (1996),11-Oct-96,0,0,0,0,0,0,0,1,0,0,0,0,0,0,0,0,1,0
746,tt0117040,634,Microcosmos: Le peuple de l'herbe (1996) ?????,11-Oct-96,0,0,0,0,0,0,1,0,0,0,0,0,0,0,0,0,0,0
747,tt0117050,1251,A Chef in Love (1996),25-Apr-97,0,0,0,0,1,0,0,0,0,0,0,0,0,0,0,0,0,0
748,tt0117057,220,"Mirror Has Two Faces, The (1996)",15-Nov-96,0,0,0,0,1,0,0,0,0,0,0,0,0,1,0,0,0,0
749,tt0117060,405,Mission: Impossible (1996),22-May-96,1,1,0,0,0,0,0,0,0,0,0,0,1,0,0,0,0,0
750,tt0117071,107,Moll Flanders (1996),14-Jun-96,0,0,0,0,0,0,0,1,0,0,0,0,0,0,0,0,0,0
751,tt0117076,1389,Mondo (1996) ?? 95,27-Jun-97,0,0,0,0,0,0,0,1,0,0,0,0,0,0,0,0,0,0
752,tt0117091,321,Mother (1996),25-Dec-96,0,0,0,0,1,0,0,0,0,0,0,0,0,0,0,0,0,0
753,tt0117093,980,Mother Night (1996),01-Nov-96,0,0,0,0,0,0,0,1,0,0,0,0,0,0,0,0,0,0
754,tt0117102,1054,Mr. Wrong (1996),16-Feb-96,0,0,0,0,1,0,0,0,0,0,0,0,0,0,0,0,0,0
755,tt0117104,821,Mrs. Winterbourne (1996),19-Apr-96,0,0,0,0,1,0,0,0,0,0,0,0,0,1,0,0,0,0
756,tt0117107,823,Mulholland Falls (1996),26-Apr-96,0,0,0,0,0,1,0,0,0,1,0,0,0,0,0,1,0,0
757,tt0117108,1047,Multiplicity (1996),12-Jul-96,0,0,0,0,1,0,0,0,0,0,0,0,0,0,0,0,0,0
758,tt0117110,21,Muppet Treasure Island (1996),16-Feb-96,1,1,0,0,1,0,0,0,0,0,0,1,0,0,0,1,0,0
759,tt0117119,864,My Fellow Americans (1996),20-Dec-96,0,0,0,0,1,0,0,0,0,0,0,0,0,0,0,0,0,0
760,tt0117128,109,Mystery Science Theater 3000: The Movie (1996),19-Apr-96,0,0,0,0,1,0,0,0,0,0,0,0,0,0,1,0,0,0
761,tt0117202,1638,Normal Life (1996),25-Oct-96,0,0,0,0,0,1,0,1,0,0,0,0,0,0,0,0,0,0
762,tt0117218,411,"Nutty Professor, The (1996)",28-Jun-96,0,0,0,0,1,0,0,0,1,0,0,0,0,1,1,0,0,0
763,tt0117221,1233,Nénette et Boni (1996),01-Jan-96,0,0,0,0,0,0,0,1,0,0,0,0,0,0,0,0,0,0
764,tt0117247,815,One Fine Day (1996),30-Nov-96,0,0,0,0,0,0,0,1,0,0,0,0,0,1,0,0,0,0
765,tt0117260,1151,Original Gangstas (1996),10-May-96,0,0,0,0,0,1,0,0,0,0,0,0,0,0,0,0,0,0
766,tt0117283,1057,"Pallbearer, The (1996)",19-Apr-96,0,0,0,0,1,0,0,0,0,0,0,0,0,0,0,0,0,0
767,tt0117284,1161,Palookaville (1996),25-Oct-96,1,0,0,0,0,0,0,1,0,0,0,0,0,0,0,0,0,0
768,tt0117293,320,Paradise Lost: The Child Murders at Robin Hood Hills (1996),06-Dec-96,0,0,0,0,0,0,1,0,0,0,0,0,0,0,0,0,0,0
769,tt0117318,508,"People vs. Larry Flynt, The (1996)",27-Dec-96,0,0,0,0,0,0,0,1,0,0,0,0,0,0,0,0,0,0
770,tt0117320,850,"Perfect Candidate, A (1996)",27-Sep-96,0,0,0,0,0,0,1,0,0,0,0,0,0,0,0,0,0,0
771,tt0117331,826,"Phantom, The (1996)",07-Jun-96,0,1,0,0,0,0,0,0,0,0,0,0,0,0,0,0,0,0
772,tt0117332,1162,Phat Beach (1996),02-Aug-96,0,0,0,0,1,0,0,0,0,0,0,0,0,0,0,0,0,0
773,tt0117333,125,Phenomenon (1996),29-Jun-96,0,0,0,0,0,0,0,1,0,0,0,0,0,1,0,0,0,0
774,tt0117357,1312,"Pompatus of Love, The (1996)",26-Jul-96,0,0,0,0,1,0,0,1,0,0,0,0,0,0,0,0,0,0
775,tt0117359,536,Ponette (1996),23-May-97,0,0,0,0,0,0,0,1,0,0,0,0,0,0,0,0,0,0
776,tt0117364,1163,"Portrait of a Lady, The (1996)",27-Dec-96,0,0,0,0,0,0,0,1,0,0,0,0,0,0,0,0,0,0
777,tt0117372,934,"Preacher's Wife, The (1996)",13-Dec-96,0,0,0,0,0,0,0,1,0,0,0,0,0,0,0,0,0,0
778,tt0117381,591,Primal Fear (1996),30-Mar-96,0,0,0,0,0,0,0,1,0,0,0,0,0,0,0,1,0,0
779,tt0117398,296,"Promesse, La (1996)",16-May-97,0,0,0,0,0,0,0,1,0,0,0,0,0,0,0,0,0,0
780,tt0117420,1034,"Quest, The (1996)",26-Apr-96,1,1,0,0,0,0,0,0,0,0,0,0,0,0,0,0,0,0
781,tt0117422,1144,"Quiet Room, The (1996)",02-May-97,0,0,0,0,0,0,0,1,0,0,0,0,0,0,0,0,0,0
782,tt0117427,1517,Race the Sun (1996),01-Jan-96,0,0,0,0,0,0,0,1,0,0,0,0,0,0,0,0,0,0
783,tt0117438,742,Ransom (1996),08-Nov-96,0,0,0,0,0,0,0,1,0,0,0,0,0,0,0,1,0,0
784,tt0117473,983,"Rich Man's Wife, The (1996)",13-Sep-96,0,0,0,0,0,0,0,0,0,0,0,0,0,0,0,1,0,0
785,tt0117477,224,Ridicule (1996),27-Nov-96,0,0,0,0,0,0,0,1,0,0,0,0,0,0,0,0,0,0
786,tt0117482,1666,Ripe (1996),02-May-97,0,0,0,0,0,0,0,1,0,0,0,0,0,0,0,0,0,0
787,tt0117500,117,"Rock, The (1996)",07-Jun-96,1,1,0,0,0,0,0,0,0,0,0,0,0,0,0,1,0,0
788,tt0117550,1500,Santa with Muscles (1996),08-Nov-96,0,0,0,0,1,0,0,0,0,0,0,0,0,0,0,0,0,0
789,tt0117561,1589,Schizopolis (1996),23-May-97,0,0,0,0,1,0,0,0,0,0,0,0,0,0,0,0,0,0
790,tt0117571,288,Scream (1996),20-Dec-96,0,0,0,0,0,0,0,0,0,0,1,0,0,0,0,1,0,0
791,tt0117582,1205,"Secret Agent, The (1996)",08-Nov-96,0,0,0,0,0,0,0,1,0,0,0,0,0,0,0,0,0,0
792,tt0117589,285,Secrets & Lies (1996),04-Oct-96,0,0,0,0,0,0,0,1,0,0,0,0,0,0,0,0,0,0
793,tt0117603,1277,Set It Off (1996),25-Sep-96,1,0,0,0,0,1,0,0,0,0,0,0,0,0,0,0,0,0
794,tt0117608,105,Sgt. Bilko (1996),29-Mar-96,0,0,0,0,1,0,0,0,0,0,0,0,0,0,0,0,0,0
795,tt0117615,251,Shall We Dance? (1996),11-Jul-97,0,0,0,0,1,0,0,0,0,0,0,0,0,0,0,0,0,0
796,tt0117628,1048,She's the One (1996),23-Aug-96,0,0,0,0,1,0,0,0,0,0,0,0,0,1,0,0,0,0
797,tt0117631,531,Shine (1996),22-Nov-96,0,0,0,0,0,0,0,1,0,0,0,0,0,1,0,0,0,0
798,tt0117665,628,Sleepers (1996),18-Oct-96,0,0,0,0,0,1,0,1,0,0,0,0,0,0,0,0,0,0
799,tt0117666,223,Sling Blade (1996),22-Nov-96,0,0,0,0,0,0,0,1,0,0,0,0,0,0,0,1,0,0
800,tt0117688,976,Solo (1996),23-Aug-96,1,0,0,0,0,0,0,0,0,0,0,0,0,0,1,1,0,0
801,tt0117690,1642,Some Mother's Son (1996),27-Dec-96,0,0,0,0,0,0,0,1,0,0,0,0,0,0,0,0,0,0
802,tt0117705,820,Space Jam (1996),15-Nov-96,0,1,1,1,1,0,0,0,1,0,0,0,0,0,0,0,0,0
803,tt0117718,126,"Spitfire Grill, The (1996)",06-Sep-96,0,0,0,0,0,0,0,1,0,0,0,0,0,0,0,0,0,0
804,tt0117723,407,Spy Hard (1996),24-May-96,0,0,0,0,1,0,0,0,0,0,0,0,0,0,0,0,0,0
805,tt0117731,222,Star Trek: First Contact (1996),22-Nov-96,1,1,0,0,0,0,0,0,0,0,0,0,0,0,1,0,0,0
806,tt0117737,1009,Stealing Beauty (1996),14-Jun-96,0,0,0,0,0,0,0,1,0,0,0,0,0,0,0,0,0,0
807,tt0117765,120,Striptease (1996),28-Jun-96,0,0,0,0,1,1,0,0,0,0,0,0,0,0,0,0,0,0
808,tt0117768,1001,"Stupids, The (1996)",30-Aug-96,0,0,0,0,1,0,0,0,0,0,0,0,0,0,0,0,0,0
809,tt0117773,711,"Substance of Fire, The (1996)",06-Dec-96,0,0,0,0,0,0,0,1,0,0,0,0,0,0,0,0,0,0
810,tt0117773,1658,"Substance of Fire, The (1996)",06-Dec-96,0,0,0,0,0,0,0,1,0,0,0,0,0,0,0,0,0,0
811,tt0117774,977,"Substitute, The (1996)",19-Apr-96,1,0,0,0,0,0,0,0,0,0,0,0,0,0,0,0,0,0
812,tt0117775,1644,Sudden Manhattan (1996),13-Jun-97,0,0,0,0,1,0,0,0,0,0,0,0,0,0,0,0,0,0
813,tt0117781,1675,"Sunchaser, The (1996)",25-Oct-96,0,0,0,0,0,0,0,1,0,0,0,0,0,0,0,0,0,0
814,tt0117784,1276,Sunset Park (1996),26-Apr-96,0,0,0,0,0,0,0,1,0,0,0,0,0,0,0,0,0,0
815,tt0117791,1117,Surviving Picasso (1996),20-Sep-96,0,0,0,0,0,0,0,1,0,0,0,0,0,0,0,0,0,0
816,tt0117802,150,Swingers (1996),18-Oct-96,0,0,0,0,1,0,0,1,0,0,0,0,0,0,0,0,0,0
817,tt0117826,413,Bordello of Blood (1996),19-Jul-96,0,0,0,0,0,0,0,0,0,0,1,0,0,0,0,0,0,0
818,tt0117887,845,That Thing You Do! (1996),28-Sep-96,0,0,0,0,1,0,0,0,0,0,0,0,0,0,0,0,0,0
819,tt0117891,1094,"Thin Line Between Love and Hate, A (1996)",03-Apr-96,0,0,0,0,1,0,0,0,0,0,0,0,0,0,0,0,0,0
820,tt0117894,406,Thinner (1996),25-Oct-96,0,0,0,0,0,0,0,0,0,0,1,0,0,0,0,1,0,0
821,tt0117913,282,"Time to Kill, A (1996)",13-Jul-96,0,0,0,0,0,0,0,1,0,0,0,0,0,0,0,0,0,0
822,tt0117918,284,Tin Cup (1996),16-Aug-96,0,0,0,0,1,0,0,0,0,0,0,0,0,1,0,0,0,0
823,tt0117924,846,To Gillian on Her 37th Birthday (1996),18-Oct-96,0,0,0,0,0,0,0,1,0,0,0,0,0,1,0,0,0,0
824,tt0117951,475,Trainspotting (1996),19-Jul-96,0,0,0,0,0,0,0,1,0,0,0,0,0,0,0,0,0,0
825,tt0117958,1017,Trees Lounge (1996),,0,0,0,0,0,0,0,1,0,0,0,0,0,0,0,0,0,0
826,tt0117965,979,"Trigger Effect, The (1996)",30-Aug-96,0,0,0,0,0,0,0,1,0,0,0,0,0,0,0,1,0,0
827,tt0117968,1507,Three Lives and Only One Death (1996),11-Oct-96,0,0,0,0,1,0,0,0,0,0,0,0,0,0,0,0,0,0
828,tt0117979,111,"Truth About Cats & Dogs, The (1996)",26-Apr-96,0,0,0,0,1,0,0,0,0,0,0,0,0,1,0,0,0,0
829,tt0117994,1237,Twisted (1996),01-Jan-96,0,0,0,0,1,0,0,1,0,0,0,0,0,0,0,0,0,0
830,tt0117998,118,Twister (1996),10-May-96,1,1,0,0,0,0,0,0,0,0,0,0,0,0,0,1,0,0
831,tt0117999,1338,Two Deaths (1995),09-Aug-96,0,0,0,0,0,0,0,1,0,0,0,0,0,0,0,0,0,0
832,tt0118001,1102,Two Much (1996),01-Jan-96,0,0,0,0,1,0,0,0,0,0,0,0,0,1,0,0,0,0
833,tt0118002,1040,Two if by Sea (1996),01-Jan-96,0,0,0,0,1,0,0,0,0,0,0,0,0,1,0,0,0,0
834,tt0118040,925,Unforgettable (1996) ?,23-Feb-96,0,0,0,0,0,0,0,0,0,0,0,0,0,0,1,1,0,0
835,tt0118044,146,Unhook the Stars (1996),30-Oct-96,0,0,0,0,0,0,0,1,0,0,0,0,0,0,0,0,0,0
836,tt0118055,280,Up Close and Personal (1996),01-Mar-96,0,0,0,0,0,0,0,1,0,0,0,0,0,1,0,0,0,0
837,tt0118064,1241,"Van, The (1996)",27-Jun-97,0,0,0,0,1,0,0,1,0,0,0,0,0,0,0,0,0,0
838,tt0118073,412,"Very Brady Sequel, A (1996)",23-Aug-96,0,0,0,0,1,0,0,0,0,0,0,0,0,0,0,0,0,0
839,tt0118100,1462,"Thieves (Voleurs, Les) (1996)",25-Dec-96,0,0,0,0,0,1,0,1,0,0,0,0,0,1,0,0,0,0
840,tt0118111,1007,Waiting for Guffman (1996),31-Jan-97,0,0,0,0,1,0,0,0,0,0,0,0,0,0,0,0,0,0
841,tt0118113,1262,Walking and Talking (1996),12-Jul-96,0,0,0,0,0,0,0,0,0,0,0,0,0,1,0,0,0,0
842,tt0118117,1676,"War at Home, The (1996)",01-Jan-96,0,0,0,0,0,0,0,1,0,0,0,0,0,0,0,0,0,0
843,tt0118127,1668,Wedding Bell Blues (1996),13-Jun-97,0,0,0,0,1,0,0,0,0,0,0,0,0,0,0,0,0,0
844,tt0118147,1142,When We Were Kings (1996),14-Feb-97,0,0,0,0,0,0,1,0,0,0,0,0,0,0,0,0,0,0
845,tt0118158,924,White Squall (1996),01-Jan-96,0,1,0,0,0,0,0,1,0,0,0,0,0,0,0,0,0,0
846,tt0118163,867,"Whole Wide World, The (1996)",25-Dec-96,0,0,0,0,0,0,0,1,0,0,0,0,0,0,0,0,0,0
847,tt0118230,1238,Full Speed (1996),01-Jan-96,0,0,0,0,0,0,0,1,0,0,0,0,0,0,0,0,0,0
848,tt0119256,1143,Hard Eight (1996),28-Feb-97,0,0,0,0,0,1,0,0,0,0,0,0,0,0,0,1,0,0
849,tt0119783,1226,Night Falls on Manhattan (1997) ? 1996,16-May-97,0,0,0,0,0,1,0,1,0,0,0,0,0,0,0,0,0,0
850,tt0119845,1236,"Other Voices, Other Rooms (1997)",01-Jan-97,0,0,0,0,0,0,0,1,0,0,0,0,0,0,0,0,0,0
851,tt0120118,1015,Shiloh (1997),23-May-97,0,0,0,1,0,0,0,1,0,0,0,0,0,0,0,0,0,0
852,tt0120238,1428,SubUrbia (1997),07-Feb-97,0,0,0,0,1,0,0,0,0,0,0,0,0,0,0,0,0,0
853,tt0120414,987,Underworld (1997),09-May-97,0,0,0,0,0,0,0,0,0,0,0,0,0,0,0,1,0,0
854,tt0123281,1372,"Stranger, The (1994)",01-Jan-94,1,0,0,0,0,0,0,0,0,0,0,0,0,0,0,0,0,0
855,tt0381992,329,Desperate Measures (1998),30-Jan-98,0,0,0,0,0,1,0,1,0,0,0,0,0,0,0,1,0,0
856,tt1363478,1438,Panther (1995) ?? 2 same year,01-Jan-95,0,0,0,0,0,0,0,1,0,0,0,0,0,0,0,0,0,0
857,tt2661954,1398,Anna (1996),13-Nov-96,0,0,0,0,0,0,0,1,0,0,0,0,0,0,0,0,0,0
858,tt6590506,28,Apollo 13 (1995),01-Jan-95,1,0,0,0,0,0,0,1,0,0,0,0,0,0,0,1,0,0
859,tt7212140,990,Anna Karenina (1997),04-Apr-97,0,0,0,0,0,0,0,1,0,0,0,0,0,1,0,0,0,0
